nstep,msd_oh,msd_ohx,msd_ohy,msd_ohz
1,0.0,0.0,0.0,0.0
2,0.006677437914062611,0.0036722969762704046,0.0010557956988600957,0.001949345238932111
3,0.0374797446198403,0.018070368295644887,0.012107976314062489,0.007301400010132921
4,0.0960813422729394,0.042364947406600906,0.03983835563643037,0.013878039229908113
5,0.17448637464878852,0.07244552833098485,0.08285206133131562,0.01918878498648808
6,0.2516315874856261,0.09593786404502425,0.12886080345129688,0.02683291998930494
7,0.2956471466299049,0.09194211369537636,0.16340544205867213,0.04029959087585641
8,0.30852312972052676,0.07726639804235544,0.16668155135291038,0.06457518032526093
9,0.311770771304693,0.06763921888666799,0.1430873228803225,0.10104422953770248
10,0.3203992994434932,0.06989882542849944,0.1177231202504809,0.1327773537645129
11,0.337153742696565,0.09718577426846894,0.10996612060995993,0.13000184781813612
12,0.364270342948303,0.14773622260608993,0.12043583153459556,0.09609828880761757
13,0.4219609178394873,0.1922705246887568,0.16086779749555835,0.06882259565517214
14,0.49703205734039496,0.20965856333261434,0.22625575571898018,0.06111773828880045
15,0.5647167321191345,0.2169018248198399,0.2864017805877362,0.06141312671155845
16,0.6008142424473298,0.22163648243846562,0.31988869981596163,0.05928906019290255
17,0.6100314283620234,0.22120478726025675,0.33531413168792257,0.053512509413844084
18,0.6267258453592948,0.2307541551913126,0.3388445429226025,0.05712714724537965
19,0.6649857773637308,0.2769463774233026,0.3202287192450025,0.06781068069542565
20,0.6732128819591041,0.3464941534972512,0.26505281195583996,0.06166591650601289
21,0.641316162354669,0.40292338062525124,0.2112101273505609,0.02718265437885688
22,0.621394297299322,0.42111720528799335,0.1978780437745224,0.0023990482368063983
23,0.6188826076449253,0.4032943449811596,0.21433647085411686,0.0012517918096489002
24,0.6172952896869562,0.3811439388764737,0.23046186655251363,0.005689484257968896
25,0.622263872595155,0.3776614518755556,0.23580245546550258,0.008799965254096898
26,0.661857382314089,0.40051710829892373,0.2528726249019363,0.008467649113228904
27,0.7091831418098523,0.42585675398053996,0.28063193698370237,0.0026944508456100014
28,0.7263030785777114,0.4296646230220864,0.29657603528520243,6.242027042250102e-05
29,0.7001831096481458,0.4103302323736573,0.2839648672029316,0.005888010071556921
30,0.6601716465123443,0.37637793097239014,0.2707253161875441,0.013068399352410014
31,0.6421070068780278,0.3459894276989954,0.28004172800229604,0.016075851176736395
32,0.6474966310733727,0.3421501240959999,0.28661556544471195,0.01873094153266088
33,0.654371759627924,0.37001600631814785,0.25350118319078013,0.030854570118996102
34,0.6478725928934257,0.3989119029637726,0.19605987572652012,0.052900814203132945
35,0.6083067963453366,0.3950480376005409,0.1439619343443856,0.06929682440041003
36,0.5448380394588186,0.3708352167930078,0.10418210612260087,0.06982071654320998
37,0.4726763820486177,0.3410908189686357,0.07237407399048994,0.05921148908949207
38,0.42475097128051326,0.305609499087768,0.06041615537712037,0.058725316815624866
39,0.38735021672508646,0.2453834714150415,0.07129682331462245,0.07066992199542249
40,0.34880221799386757,0.18721115165532162,0.0837935061563664,0.07779756018217956
41,0.30675262230032946,0.12681523662101288,0.09634565819224095,0.08359172748707562
42,0.28118215062526797,0.06999010994547349,0.1113470940538944,0.0998449466259001
43,0.2806609233772962,0.04078858077694877,0.11416056303990253,0.1257117795604449
44,0.2670783944456645,0.030654470086272333,0.1016389808195161,0.13478494353987608
45,0.25423089955483075,0.03030854674224989,0.09193493966006243,0.1319874131525184
46,0.2549267861722985,0.028178392998924048,0.09506368280952003,0.13168471036385443
47,0.25392868680163305,0.02343962837200356,0.10293500739121957,0.12755405103840994
48,0.23751334316531725,0.015409525534712016,0.11015403878494434,0.11194977884566089
49,0.20877554975274887,0.0031893104170403787,0.12298772649952358,0.08259851283618493
50,0.20614800433626557,0.002911504613889622,0.14513957335073435,0.05809692637164161
51,0.2377057252908305,0.03103225752006252,0.16504397003648155,0.04162949773428644
52,0.2595846221648575,0.06689665148857701,0.1630701320455249,0.029617838630755604
53,0.24400219213037,0.0811037549795842,0.14543466399946087,0.01746377315132492
54,0.20488942367374874,0.07765608273192827,0.11928328967325687,0.007950051268563593
55,0.1919342405119409,0.08644224467278433,0.10268792691318494,0.0028040689259716126
56,0.21012249265574737,0.10853993152692024,0.09977729359519354,0.001805267533633606
57,0.24862051542702243,0.1330248727130624,0.11201321920773752,0.003582423506222503
58,0.27276997939295783,0.13716314453048492,0.12942376795152252,0.006183066910950401
59,0.28511281948498957,0.12300320671069671,0.15429830555573287,0.007811307218559991
60,0.27891939962368273,0.08936985887232629,0.18317062096429682,0.006378919787059614
61,0.26659378242444864,0.05067209444743696,0.21223171958809958,0.0036899683889121057
62,0.25775146215458866,0.020062665794707595,0.23479138691467297,0.002897409445208104
63,0.24588239440051,0.004671357518128891,0.2359216938076442,0.005289343074736904
64,0.2274877860454575,0.00036073290942090837,0.21481513792077167,0.012311915215264911
65,0.1944544714183299,0.0019277640578160712,0.17153176091304487,0.020994946447468937
66,0.17307374475117054,0.014079493141561598,0.13481309659114082,0.024181155018468115
67,0.15206734384874618,0.02681925690153954,0.10737434624006251,0.017873740707144113
68,0.14101073890460342,0.03368270664168012,0.0971890164573409,0.010139015805582418
69,0.139631328987442,0.03826402324608629,0.09649476177232359,0.004872543969032118
70,0.15761116833811065,0.04361315988076962,0.11008062929168011,0.003917379165660896
71,0.19328194779955524,0.05284238689507829,0.13327043177257286,0.007169129131904087
72,0.24298581290569188,0.06553507328327594,0.15666470115156633,0.0207860384708496
73,0.3203030931506281,0.07861287710881436,0.18454166558059684,0.05714855046121691
74,0.41281521499170104,0.08220226284579694,0.21972955313517603,0.1108833990107281
75,0.5351427848899515,0.08652885836609425,0.2731834794039848,0.1754304471198724
76,0.6750795862405315,0.09848453012400249,0.34167334519145615,0.2349217109250729
77,0.7631942505928992,0.11116220142720161,0.39144212687928964,0.26058992228640804
78,0.7310322288523001,0.11682970097295999,0.38195380054129197,0.23224872733804816
79,0.6522732723361336,0.11235743774971198,0.3594011732305928,0.18051466135582886
80,0.6130616775150678,0.10973683149024985,0.35374238382525147,0.1495824621995665
81,0.577891376256721,0.10145330225102252,0.3444146480296201,0.1320234259760785
82,0.5167546600111178,0.0830136126798889,0.29684561309316,0.13689543423806896
83,0.4790725378749406,0.07248611213300253,0.24256249494019563,0.16402393080174243
84,0.4824374092864363,0.08215237151952251,0.19395969972127367,0.20632533804564013
85,0.4792518817170277,0.09785194794396161,0.14545839312240647,0.23594154065065964
86,0.43661072132810275,0.10231251789235832,0.10764068586495992,0.2266575175707845
87,0.3512012933226307,0.09696633533787224,0.0833028205123984,0.1709321374723601
88,0.255147620614041,0.0888786646875625,0.07307660042438564,0.09319235550209289
89,0.20092741273628226,0.08991291307723225,0.07694033011344,0.03407416954561001
90,0.19388175102938537,0.09461887351527609,0.09067095385779238,0.00859192365631689
91,0.20661513703103077,0.11263977082988003,0.08860464273070234,0.005370723470448406
92,0.21866418974114737,0.14580354970613585,0.06075865115328995,0.012101988881721601
93,0.2399172781115268,0.18407448068256024,0.03486990420452246,0.0209728932244441
94,0.2544206977461182,0.2004079722768601,0.03366331781243562,0.02034940765682249
95,0.24405330676686768,0.18193956213318765,0.05194378857924,0.010169956054440021
96,0.23685986841127551,0.16793791688924412,0.0675266115289689,0.0013953399930624942
97,0.24847754431605895,0.17577275937686437,0.07261400005902245,9.07848801720996e-05
98,0.28290195560938475,0.20299015725160396,0.07899074384052643,0.0009210545172544013
99,0.3115867325670347,0.20987929443822256,0.09777985783924405,0.003927580289568094
100,0.3404642242283147,0.20764819038017618,0.11961823344851612,0.013197800399622397
101,0.364796708938103,0.19783309131786211,0.1415373123888025,0.025426305231438403
102,0.3857114614286625,0.18829900275254893,0.169035762465368,0.028376696210745588
103,0.3869254794926573,0.17838017291959288,0.18364087491556005,0.024904431657504382
104,0.37252708338002405,0.166706595361896,0.18234258739312806,0.023477900624999982
105,0.37545045852401293,0.17215746952107677,0.17147367519844006,0.03181931380449609
106,0.40582978710870277,0.20060832756410385,0.1522719059453089,0.05294955359929001
107,0.45709124943833335,0.24852852164432218,0.1318374561687183,0.07672527162529287
108,0.512504417138595,0.3032573944953719,0.11975202823024352,0.08949499441297956
109,0.5673275796510979,0.36202455041625753,0.11892904034881002,0.08637398888603036
110,0.5899485123667657,0.37645294078891206,0.12871411188090007,0.08478145969695361
111,0.5914573965245489,0.3250920727787712,0.16754381202374558,0.09882151172203206
112,0.5747463756434977,0.25180923152764084,0.20663406672804002,0.11630307738781688
113,0.5661527517669976,0.24006101718244835,0.21249659536066087,0.11359513922388839
114,0.563170016356799,0.2628129651192366,0.2014436562125625,0.09891339502499995
115,0.5375957065037535,0.2720501089846927,0.1826988669050944,0.08284673061396641
116,0.4928418341374081,0.27002418107502013,0.1639743141162564,0.0588433389461316
117,0.4549170903626725,0.29040942693432004,0.14192243386888362,0.022585229559468904
118,0.45144352436686963,0.3390927856842276,0.11145794579611239,0.0008927928865295925
119,0.4894314838028427,0.399536794681993,0.08802616659936156,0.0018685225214880945
120,0.5581934268279319,0.46617861448710746,0.09151024304356004,0.0005045692972643995
121,0.632885310473496,0.5182502652139198,0.11339018410246814,0.0012448611571081003
122,0.6786064967120073,0.5485583193066729,0.12707741290305608,0.0029707645022783945
123,0.6792370483263155,0.5568476165461728,0.12200824051836838,0.0003811912617744013
124,0.6896292080865016,0.5719150910004623,0.1159859632250944,0.0017281538609449035
125,0.7227301807896562,0.607641468175232,0.10515193437253213,0.009936778241892107
126,0.7552018621688188,0.6385527550974011,0.08549472491493611,0.03115438215648161
127,0.7759637748982471,0.6370169561208958,0.07246590495380634,0.06648091382354497
128,0.7651264230707551,0.6021844584297025,0.05900310622080246,0.10393885842025004
129,0.7349196182329193,0.57346451689536,0.03922916587733157,0.12222593546022768
130,0.7167665556913877,0.5689400985021924,0.018033879302478364,0.12979257788671697
131,0.7372718246682728,0.5828425116639125,0.006241109020476097,0.1481882039838841
132,0.7775107111503867,0.6083884716546119,0.0003857445265444005,0.16873649496923046
133,0.8243434606592184,0.6354904199828405,0.0011815127534596016,0.18767152792291836
134,0.8776954385644116,0.6529950318539665,0.008524982168488895,0.2161754245419562
135,0.9864218570437095,0.6685697235128767,0.0265082748575044,0.2913438586733284
136,1.0760821123042414,0.6754972216295044,0.04871183145530493,0.35187305921943207
137,1.0602593253010215,0.6437376170694116,0.05836676210977963,0.35815494612183035
138,1.0368882206074488,0.6126352415298361,0.056270420120376925,0.36798255895723575
139,1.0512737867563628,0.603863350773602,0.061524139248360026,0.38588629673440095
140,1.0643011735460701,0.6187798031103363,0.07035312758988962,0.37516824284584416
141,1.0218352032956188,0.5998951873315796,0.0802487255178436,0.3416912904461956
142,0.9673219531464596,0.5500563219671523,0.07873357086070094,0.33853206031860644
143,0.9614988901662339,0.5047524169564895,0.07757833699405439,0.37916813621569
144,0.971560977707076,0.47090359776770574,0.07446285040459244,0.4261945295347777
145,0.9461983131659162,0.4388864017244005,0.0750551829232401,0.4322567285182755
146,0.934947979406217,0.4166259053299222,0.08097557737392642,0.43734649670236836
147,0.9983784911502553,0.4171169782144837,0.09734303904237158,0.4839184738934001
148,1.0932982759461682,0.4451156487792142,0.12297056403312813,0.5252120631338258
149,1.167313027507436,0.4859311220737596,0.15284402145634413,0.5285378839773321
150,1.2235744385502483,0.5366254295297281,0.2000345661850176,0.48691444283550245
151,1.3009250560147685,0.5945598941444098,0.2591488846862225,0.4472162771841362
152,1.3606222565526225,0.60939334513225,0.3245214251435525,0.42670748627682
153,1.4017552877976622,0.6346639052313611,0.366567970915045,0.4005234116512562
154,1.4511674797081175,0.6842054940391221,0.36653430874739296,0.4004276769216024
155,1.5103665851035002,0.7392294208316301,0.37591306880625,0.3952240954656201
156,1.5734271009315544,0.7851210727415359,0.4017408618746961,0.38656516631532245
157,1.6264621210924726,0.824996500834512,0.4256942908543504,0.37577132940360997
158,1.6119636340198116,0.8516670358212858,0.4073590287699857,0.3529375694285402
159,1.5535432555898978,0.859519249468812,0.38692053714259694,0.3071034689784889
160,1.4783002359488684,0.8674494063137291,0.3775251588341777,0.2333256708009617
161,1.4205983779589961,0.904759866912595,0.37258270304398095,0.14325580800242013
162,1.4588833608624279,0.99858546058455,0.38760992808389294,0.07268797219398487
163,1.6132467148721321,1.1355366069633592,0.43808686852731615,0.03962323938145691
164,1.816335647786264,1.29977282974564,0.49071291512172166,0.025849902918902476
165,1.981828139468997,1.4774559056814736,0.49643251137730887,0.007939722410214387
166,2.0897417547699058,1.6252073368304394,0.46397205228640376,0.0005623656530625023
167,2.1388362284738953,1.685825551002902,0.4324122191931365,0.020598458277856887
168,2.1470971636555087,1.649377147563024,0.4389092312550626,0.058810784837422476
169,2.2041121356622613,1.5895191312233683,0.5091169124200042,0.10547609201888887
170,2.297926605544639,1.5331739345602804,0.6152649110502977,0.1494877599340609
171,2.4667691132143177,1.5441203699769595,0.7211673390951184,0.20148140414224
172,2.6644442803566317,1.6072215535642562,0.8232870349047556,0.23393569188762006
173,2.808821844494672,1.6715346606168335,0.9060704132928361,0.23121677058500242
174,2.9078500264412868,1.7176260174965823,0.9669751771330817,0.2232488318116225
175,2.9044029653090297,1.6961557653537023,0.9796321422471425,0.22861505770818485
176,2.752241069614146,1.6408415873524924,0.8694237095009449,0.24197577276070886
177,2.5957582285896716,1.6630387056664158,0.6837699771448225,0.24894954577843353
178,2.6232547608218404,1.8625226917929978,0.5374507852771225,0.22328128375172013
179,2.800348583942872,2.1437292780551207,0.47010739305268845,0.18651191283506252
180,2.9601666107462443,2.3048990542723593,0.44595100344709704,0.2093165530267876
181,3.098525299511505,2.374236164954036,0.4098364373103961,0.3144526972470725
182,3.25857024734528,2.4415809093736924,0.3664971610702081,0.4504921769013796
183,3.4156243876270875,2.492991966338899,0.3410335630890241,0.5815988581991641
184,3.566060953365682,2.5660027787625523,0.29914591234582893,0.700912262257301
185,3.7893466590899787,2.785277677764614,0.2122219347272704,0.7918470465980944
186,4.033018524846882,3.0685006765620493,0.12448844437264005,0.8400294039121924
187,4.275298960301425,3.3874026302844484,0.05882094156748412,0.8290753884494928
188,4.354407890311697,3.5580815889773283,0.020329863410808915,0.77599643792356
189,4.084643035671049,3.326090397502128,0.005452350030400908,0.75310028813852
190,3.7911818105656883,3.019503458282422,0.004835445826516906,0.766842906456749
191,3.6825898600734646,2.837451342786432,0.020570584331760105,0.8245679329552728
192,3.8079476963636956,2.804348326267699,0.06161694636631212,0.9419824237296841
193,4.143802988492801,2.9396218993001533,0.12230401545040812,1.0818770737422396
194,4.598485459968452,3.202209215626932,0.17861826386685165,1.217657980474668
195,4.932604156180263,3.4273747085416804,0.20710254836074413,1.298126899277838
196,5.031830739197703,3.5604462548336704,0.20401799320592012,1.2673664911581126
197,5.015903650109097,3.6371513211448896,0.17639942040047613,1.2023529085637314
198,5.071684676180993,3.724393739602945,0.1446983171149824,1.2025926194630656
199,5.2332806316295555,3.79930735043344,0.11905739080336361,1.3149158903927523
200,5.342841505749097,3.749029636054032,0.09887945026806094,1.4949324194270042
201,5.421216052092149,3.6199343251562492,0.08845843630933693,1.7128232906265624
202,5.534900362251565,3.4595668920792093,0.0862452758062116,1.989088194366144
203,5.633881180154905,3.2970471305641977,0.08081626120964008,2.2560177883810675
204,5.673764386605916,3.12861700282609,0.07002326279242813,2.4751241209873984
205,5.660592479110422,3.0225087445835035,0.05654154928700891,2.581542185239909
206,5.675593753337447,3.0318305468325617,0.0497349052152976,2.5940283012895873
207,5.761952632981123,3.2291892689701394,0.041854506672387604,2.490908857338596
208,5.726996655776608,3.4469184076358648,0.03253892500254011,2.2475393231382026
209,5.561762827302694,3.560480596760016,0.027912749113788094,1.9733694814288898
210,5.2824504864389645,3.512086790682937,0.025272497395027602,1.7450911983609998
211,4.909368013085689,3.3086373455353195,0.02671041086224002,1.5740202566881294
212,4.5832898030835425,3.0755070416167696,0.032916474783840424,1.4748662866829327
213,4.386959834305106,2.906020023471667,0.04472327439028839,1.4362165364431505
214,4.253931042232283,2.7974646808325363,0.05821412747808161,1.3982522339216654
215,4.085514648893979,2.675789261940319,0.07073051417536809,1.3389948727782919
216,3.9002146308787013,2.5472934065880617,0.07458402511257763,1.2783371991780623
217,3.7466188184391527,2.435059037021704,0.0740232112740849,1.2375365701433638
218,3.6574081435168386,2.4137413188839996,0.0789417133378624,1.1647251112949764
219,3.6443200843695136,2.4927364402896486,0.08690640912914491,1.0646772349507203
220,3.631362817748157,2.5678095949650492,0.08643487104368643,0.977118351739421
221,3.492230364485021,2.4947499627450616,0.07567470066312253,0.9218057010768368
222,3.1874770553224803,2.2534401539578384,0.0628831052862016,0.8711537960784399
223,2.889615659511459,2.0454933786396508,0.0558598760473636,0.7882624048244448
224,2.69300708814546,1.943663368134758,0.06155653265269213,0.6877871873580096
225,2.653201517705012,1.949613420915936,0.07742420889424362,0.6261638878948323
226,2.6304173059396296,1.9177234688863443,0.10068859345091564,0.6120052436023695
227,2.5518372540229537,1.797452679246854,0.1296157396778596,0.62476883509824
228,2.3895596765081217,1.6013603110957948,0.1653823921210756,0.6228169732912514
229,2.211116173654762,1.4365651067958431,0.21338872065962894,0.56116234619929
230,2.0825276676950772,1.334768392235933,0.27921645173560966,0.4685428237235344
231,2.0431397929066306,1.2743144238007291,0.37936767074089,0.38945769836501154
232,2.0615677201204625,1.1995288186138002,0.48830601061788165,0.37373289088878087
233,2.0617086567653264,1.084950225497113,0.5524870705116677,0.4242713607565456
234,2.0407703068802534,0.9667178518319716,0.579141288437689,0.4949111666105929
235,2.02116585568451,0.8808417143636226,0.5919540783856705,0.5483700629352168
236,2.072585130470662,0.8696093846616796,0.608789703585053,0.5941860422239295
237,2.1950935663481435,0.9132779507342927,0.6511980147379283,0.6306176008759224
238,2.383122661172857,1.005236838225,0.7345893490243345,0.6432964739235224
239,2.59572070940805,1.1257356418476094,0.8423579780723846,0.6276270894880561
240,2.8339695929213926,1.2904085067630193,0.9380880952082705,0.6054729909501025
241,3.0144613473725466,1.4583675359626322,0.9891279123108101,0.5669658990991043
242,3.0819090375720206,1.5721524111792005,0.9923129497388836,0.5174436766539363
243,3.1132194132015085,1.6116969756106385,0.9815597833542602,0.5199626542366096
244,3.1747976024924105,1.607624270843137,0.988171924234457,0.5790014074148163
245,3.2927923740818694,1.5880765425550278,1.0357007519739456,0.6690150795528963
246,3.4669455550311215,1.5780787894019233,1.1270057705238783,0.7618609951053199
247,3.7555894372019827,1.6343129520062498,1.26251314017921,0.8587633450165224
248,4.084099373492534,1.757187204368784,1.3769316518538364,0.9499805172699136
249,4.351358576476785,1.8960249002288398,1.4353175247248644,1.0200161515230801
250,4.584416366503072,2.0929339458457594,1.4092705853566212,1.0822118353006922
251,4.833974155430042,2.382829975834403,1.3120431942158115,1.1391009853798273
252,5.117572704625639,2.7500208112705686,1.1964930336936976,1.1710588596613731
253,5.3904975217933515,3.1397814282272654,1.0887852938765625,1.1619307996895236
254,5.602802946056981,3.416417906511811,0.991998410717969,1.194386628827201
255,5.764807299771293,3.5355607696895155,0.9298456576535025,1.2994008724282757
256,5.991031161617647,3.5910473989349274,0.9051902358288197,1.4947935268539
257,6.2567701628599774,3.633547582761955,0.90339683268961,1.7198257474084124
258,6.464923213604667,3.6528211364602496,0.9317853053566729,1.880316771787745
259,6.61518556937785,3.6313189824039993,0.9395816695144441,2.044284917459406
260,6.603739360133359,3.568632994059456,0.8826172965825797,2.1524890694913226
261,6.408052148088223,3.424090999857002,0.7686478127643843,2.2153133354668366
262,6.088863556207121,3.1912203510896635,0.6468237405174609,2.250819464599997
263,5.948638496952489,3.0594358518329754,0.5531256559166725,2.3360769892028412
264,6.179673620258844,3.1758697174089994,0.5230340637356835,2.480769839114161
265,6.528018256039469,3.398752520312948,0.5448860466061609,2.58437968912036
266,6.718905063701635,3.626024026460352,0.5844096259062721,2.508471411335011
267,6.691359084398689,3.8151913050571604,0.6139965037169042,2.2621712756246244
268,6.542390113946664,3.9458007320317603,0.6040141771285802,1.9925752047863232
269,6.440498944620916,4.0568587941934116,0.5523037595048165,1.8313363909226885
270,6.325175456261439,4.142506253686448,0.48256471390668837,1.7001044886683023
271,6.103078215748735,4.210684834341807,0.4216580328910402,1.4707353485158885
272,5.939714235717232,4.338638710329605,0.38381723504102255,1.217258290346604
273,6.138265442693279,4.670767891072483,0.3857944643646026,1.0817030872561935
274,6.488130399058655,4.997081474057477,0.412474786564,1.0785741384371776
275,6.7103900546774815,5.096575708761702,0.45524730780482897,1.1585670381109505
276,6.7368666970305195,4.9886439318220175,0.4884488395483225,1.25977392566018
277,6.653010476720313,4.8722259563203245,0.5095255869485721,1.2712589334514162
278,6.468614388685859,4.764372897456923,0.5082974600970289,1.1959440311319074
279,6.225739438557682,4.5910564127460045,0.5112938711193856,1.1233891546922914
280,5.957244212984418,4.365938204337218,0.5180915402987777,1.0732144683484226
281,5.871212170676774,4.304194862776729,0.5333442537498085,1.033673054150237
282,6.0824413421256995,4.563403588810751,0.5676416059896037,0.9513961473253443
283,6.460978247615419,5.058645538952025,0.5850371004847524,0.8172956081786409
284,6.796721606836181,5.520753900041972,0.5972463318777796,0.6787213749164303
285,6.833736814409991,5.57604216017838,0.6243765938390017,0.633318060392609
286,17.489343910706932,16.97656875486898,0.003474208875456393,0.5093009469624975
287,17.653245526191984,17.082499573575763,0.002130842537102493,0.5686151100791185
288,17.447719067339076,16.84800984818725,1.0219466304099676e-05,0.5996989996855226
289,17.129714523798285,16.486865376100493,0.002168790979278407,0.640680356718512
290,16.898656926345602,16.157927955343947,0.013059952684022505,0.7276690183176324
291,16.775703755664072,15.914219682095302,0.0303528976058889,0.8311311759628817
292,16.55392671421636,15.67281137812263,0.03284891630328999,0.8482664197904402
293,16.186636579386512,15.377963273733638,0.013950158714424106,0.7947231469384518
294,15.80585023946274,15.122021677257095,3.7928846649599916e-05,0.6837906333589955
295,15.496353231080553,14.891934177067471,0.007841995109401586,0.5965770589036803
296,15.261943897734074,14.647063497849167,0.01299435617198409,0.6018860437129226
297,14.960200188782709,14.286802011881502,0.0038908726634595972,0.6695073042377477
298,14.535558573440522,13.819881269251807,0.0004715542540899997,0.7152057499346244
299,13.942383296506412,13.24588127296772,0.010501658501760013,0.686000365036932
300,13.361443636066223,12.700976073326693,0.022350719432464927,0.6381168433070656
301,12.919605586678344,12.271408765615842,0.0258473851802884,0.6223494358822128
302,12.569615032276648,11.863032411075597,0.023929698397752924,0.682652922803297
303,12.147362707519259,11.36046594207274,0.028718213370960127,0.7581785520755602
304,11.600923170828498,10.788229813463046,0.04844633428387843,0.7642470230815728
305,11.164380494198113,10.356264989934916,0.06709504889549443,0.7410204553677027
306,10.925453243224275,10.06404987354437,0.06733006241533691,0.7940733072645683
307,10.857738272770382,9.858816083182528,0.0520875772226209,0.9468346123652334
308,10.777464414747358,9.629971947888553,0.0360126529,1.1114798139588051
309,10.541157294613365,9.288919040419838,0.020378113518724924,1.2318601406748024
310,10.159991804491863,8.85631429249336,0.005560456718140899,1.2981170552803605
311,9.791935110166133,8.493706667772601,0.000999813649228901,1.2972286287443024
312,9.65787530759942,8.381392263723365,0.0048386562042025,1.2716443876718522
313,9.861476986781012,8.530627691129869,0.02388127639306242,1.3069680192580806
314,10.243859960368487,8.765000896358336,0.0399715850481025,1.4388874789620496
315,10.622593983217879,9.000274922099472,0.03903218210860959,1.5832868790097985
316,10.907062296723062,9.20472074750519,0.02896847911766412,1.6733730701002087
317,11.159660703186978,9.403508480177683,0.0145716090549264,1.7415806139543684
318,11.353932428480022,9.548252152206144,0.002480159521439999,1.8032001167524365
319,11.425966266070049,9.527462609350616,0.001830675169232096,1.8966729815502001
320,11.48160558562584,9.388295222336899,0.01361803576939559,2.0796923275195454
321,11.73239770980928,9.408450939511228,0.035276367425601626,2.288670402872449
322,12.101523562661551,9.655199687446158,0.07087148044032042,2.375452394775073
323,12.581725221762653,10.070375023868575,0.11239240828505283,2.3989577896090255
324,13.025310206084622,10.40237366849521,0.150686732455532,2.4722498051338815
325,13.3271927092361,10.481957473997115,0.1829785748240025,2.662256660414982
326,13.479232151131288,10.402900942496064,0.19121375467200247,2.8851174539632223
327,13.557098858463199,10.320218379843507,0.17887464862806246,3.058005829991631
328,13.528291069970964,10.13012742200893,0.17260274900671693,3.2255608989553157
329,13.431723824813592,9.791198846065937,0.1937883657959999,3.4467366129516552
330,13.393802515130766,9.409220607143183,0.21533528403182894,3.7692466239557536
331,13.473808402632645,9.108342289089181,0.23658423040056256,4.128881883142902
332,13.705455593343059,9.025038530484636,0.2801472477807844,4.400269815077639
333,14.06510843420693,9.143769093640897,0.3521833416531369,4.5691559989128985
334,14.515948279497778,9.395961647953223,0.4363659231884001,4.683620708356154
335,14.793630321382864,9.597122205086617,0.47764724142727844,4.718860874868969
336,14.92456812597813,9.841812895802304,0.47155331916675985,4.611201911009066
337,15.105969998132423,10.17796961726658,0.43497395110280235,4.493026429763041
338,15.525363129583729,10.609445712711649,0.40354631048370243,4.512371106388377
339,16.240532284119844,11.04376657658569,0.40187845286054547,4.79488725467361
340,17.039363187695034,11.397698680363883,0.4535126115789023,5.18815189575225
341,17.752812301556155,11.654613797443995,0.5585829032467217,5.539615600865439
342,18.417786543552815,11.99647286751255,0.6693426201743045,5.751971055865958
343,18.95913073543423,12.493281649538996,0.730234629449029,5.735614456446204
344,19.230135847862922,12.95529306745444,0.72404646664464,5.550796313763841
345,19.276438854718013,13.252487186867766,0.6997711645210274,5.3241805033292176
346,19.15608531614574,13.36232442599877,0.7056502664952062,5.088110623651765
347,19.033163427310015,13.459606154394288,0.7533628419611528,4.820194430954575
348,19.08990004022549,13.718124810121688,0.8301868693097278,4.541588360794074
349,19.46776143142265,14.267554633584389,0.9309768764302446,4.2692299214080185
350,20.16501778944904,15.12144491012464,1.0508416141640355,3.992731265160361
351,20.90121125725579,16.00360196269805,1.17231722404128,3.7252920705164647
352,21.342561065604507,16.592514890623562,1.2633936243814656,3.4866525505994814
353,21.25647004042264,16.7661336451443,1.3057741913807528,3.1845622038975887
354,20.950827471134314,16.78269370015933,1.3029186266902517,2.865215144284729
355,20.645781186960086,16.79167611025315,1.2398065999639607,2.6142984767429778
356,20.41181719977357,16.86758970611344,1.088540264159569,2.4556872295005627
357,20.26485873804201,16.99530554481769,0.9434841835336996,2.326069009690625
358,20.34905094888664,17.303040613036217,0.8692081266494224,2.1768022092010004
359,20.91741510671957,18.023131539975488,0.8695634862150545,2.024720080529028
360,21.825619751470892,19.01047357963603,0.9146626661448002,1.9004835056900624
361,22.603508938767717,19.770090927157558,0.9756501020100005,1.85776790960016
362,22.939520499070248,20.08832839236024,0.9956881580430622,1.8555039486669458
363,23.05020713291914,20.18989919021681,0.9760087474854022,1.8842991952169283
364,23.029135082210278,20.215741601625606,0.9547715263432919,1.8586219542413795
365,22.78806866437709,20.08080184658699,0.9365245011446414,1.7707423166454561
366,22.506842741208096,19.97101823088603,0.8781981301875076,1.6576263801345605
367,22.5656325238262,20.186025327857767,0.7637933393163441,1.615813856652089
368,22.99894169388927,20.635198588347173,0.7135926789592224,1.650150426582876
369,23.55955334677414,21.13977762188593,0.7388693869230143,1.680906337965198
370,23.96050742476842,21.507396831406243,0.7868485481706256,1.6662620451915529
371,24.27607210118155,21.79821980368958,0.8121633865931662,1.6656889108988047
372,24.710879191629612,22.23248514875697,0.824488679624688,1.6539053632479501
373,24.887046958042184,22.414745992777956,0.8921445905000838,1.5801563747641445
374,24.892890669930665,22.399403696448694,0.9974673256437797,1.4960196478381926
375,24.65375735797293,22.13108006708388,1.1291955872868222,1.393481703602228
376,24.03027653977932,21.49969380709301,1.282128313952102,1.2484544187342053
377,23.28506405292119,20.778981659754045,1.4189250633686876,1.0871573297984571
378,22.786501880377212,20.292166497960253,1.4721983478940766,1.022137034522885
379,22.50609678898844,19.94721523642869,1.4778728781162023,1.0810086744435485
380,22.294505724170936,19.610081613126752,1.5196082136312097,1.1648158974129765
381,22.42278749730508,19.648596042018212,1.598535102784334,1.175656352502535
382,22.829247198716846,20.015542036020495,1.698925724269403,1.1147794384269458
383,23.26499692833906,20.394210840025004,1.8300138366224012,1.040772251691652
384,23.29483062872149,20.349011653506896,1.9387336490189049,1.007085326195688
385,22.852116738564163,19.771875379429286,2.0272285374362173,1.0530128216986567
386,22.455508294657786,19.162590735843125,2.1662963538399223,1.1266212049747395
387,22.399778875172487,18.854593848343786,2.3209584033486403,1.224226623480062
388,22.602621949996006,18.8096062114784,2.4841163015753613,1.308899436942245
389,22.705806034794538,18.74544698400156,2.602122968758479,1.3582360820344996
390,22.78226234976738,18.70682953189056,2.7079239920444103,1.3675088258324095
391,22.697959255067214,18.642306956852963,2.7215938954051597,1.3340584028090918
392,22.413305524378874,18.45889459503566,2.687920836564481,1.266490092778736
393,21.889363094005176,18.0144531041822,2.6873933080078682,1.1875166818151126
394,21.330602969457697,17.48727945207789,2.753275660350063,1.0900478570297454
395,20.93681504047775,17.125762029013124,2.845933741809202,0.9651192696554253
396,20.576125011482354,16.87573358959174,2.886428350201656,0.8139630716889605
397,20.21263571246579,16.731726390514886,2.813992997765602,0.6669163241853027
398,19.98398831057624,16.722118827941184,2.7214535715714367,0.5404159110636196
399,20.0051499124114,16.85403229296104,2.6954258730060485,0.4556917464443136
400,20.04038813804824,16.885484041128407,2.681887762114881,0.4730163348049491
401,20.11225747075611,16.860019680266884,2.658906419655622,0.5933313708336035
402,20.39472601152316,16.950258221198958,2.6774622760761844,0.7670055142480201
403,20.99322315724936,17.358515985875457,2.7465384833478246,0.8881686880260804
404,21.851234390926432,18.060577096180012,2.861215146600782,0.9294421481456401
405,22.78497698850173,18.84602933488988,3.0307340982661364,0.908213555345712
406,23.426191474781945,19.25052164273389,3.269977027208528,0.9056928048395237
407,23.58864541924413,19.099637990531825,3.5288425751171046,0.9601648535952008
408,23.59563435849601,18.7988967235533,3.7842963977047765,1.0124412372379321
409,23.60723974297975,18.590453692492222,3.982163488278091,1.0346225622094405
410,23.604457928657812,18.467771642655123,4.090787625038594,1.0458986609640966
411,23.585993837834234,18.41954191816838,4.14216510124714,1.0242868184187135
412,23.65436390600335,18.506639237748608,4.1708936700620285,0.9768309981927124
413,23.8206238274825,18.66851848540561,4.187883644123524,0.964221697953368
414,24.11948266219334,18.977564194818143,4.171780106040959,0.9701383613342405
415,24.49739854823557,19.467611820884184,4.09942495131147,0.930361776039917
416,24.991174783525533,20.14468204394756,3.9443836792325624,0.9021090603454085
417,25.7780606834554,21.008673741143117,3.8233290571155805,0.9460578851967046
418,26.58105947363454,21.744778225971718,3.7844042473915205,1.0518770002713023
419,27.048443910303327,22.0915091957763,3.8345588717168204,1.1223758428102082
420,27.066059715079813,22.01790893176078,3.9286735532957118,1.11947723002332
421,26.90374855327988,21.808461302406183,4.027739446267494,1.067547804606203
422,26.633803041681066,21.54060869330437,4.121146932899073,0.9720474154776226
423,26.47713739943575,21.283141697926805,4.3169149963296904,0.8770807051792571
424,26.424246522979107,21.092449729365924,4.553369937096782,0.7784268565164005
425,26.525949832669653,21.207979130716105,4.6480174348982555,0.6699532670552928
426,26.719287005723274,21.558921784753956,4.608402851370428,0.55196236959889
427,27.0777109226507,22.0036839145914,4.591351335277453,0.48267567278184964
428,27.306779634959035,22.23229173439613,4.623865436818949,0.45062246374395604
429,27.27602679206367,22.198745523776974,4.665297907290205,0.4119833609964902
430,27.147695594600176,22.039123533748555,4.733986015271699,0.3745860455799226
431,27.120953533365814,21.91915545047665,4.861288557888999,0.3405095250001637
432,27.280406957135774,21.98274162577292,5.00125447927134,0.29641085209151297
433,27.454548150141072,22.105931923601375,5.092085463831101,0.25653076270859565
434,27.611389563254203,22.1832385493631,5.18161680817225,0.24653420571885223
435,27.723204743174215,22.061807590900024,5.388994484244224,0.2724026680299682
436,27.860006849110494,21.83701619826705,5.706049406135822,0.3169412447076226
437,27.96644599241934,21.625827202985057,5.98017992376361,0.36043886567067224
438,28.010061399449093,21.483997105237222,6.12703840552167,0.39902588869020167
439,28.142166818042476,21.32687125467855,6.376200056466375,0.4390955068975525
440,28.53543218894402,21.39886384316836,6.67442554040172,0.46214280537393976
441,29.153952355387577,21.709032878973904,6.985381709382052,0.4595377670316227
442,29.722420831085724,22.011541720151403,7.258515671533827,0.45236343940049617
443,30.08843208135046,22.10530697877473,7.527900829426121,0.45522427314961017
444,30.296137666475182,22.020123107648157,7.827563359995325,0.44845119883170015
445,30.53102116819157,21.97744629227903,8.176175222561438,0.37739965335110437
446,30.745961444176935,21.994246551045755,8.49085213974862,0.2608627533825626
447,30.868974227940367,21.951886160656002,8.746832926670342,0.1702551406140225
448,30.786917421664196,21.77460487113289,8.887227895941159,0.12508465459014811
449,30.811913973222484,21.64225296620978,9.055266885728702,0.11439412128400002
450,31.10944266972781,21.71361404660735,9.295799746921961,0.10002887619849635
451,31.480426163489227,21.9069095056927,9.497945872576539,0.07557078521998811
452,31.96597760220838,22.20287171797883,9.716703360614545,0.046402523615002536
453,32.53403687112823,22.57718881993048,9.933726245528474,0.023121805669273587
454,33.361248187496386,23.08751672989735,10.267902693967647,0.005828763631395594
455,34.105736584567566,23.39966342795042,10.705817521287193,0.0002556353299600006
456,34.24972630911467,23.087924287309825,11.145500991058107,0.0163010307467401
457,33.917174373823194,22.355756184082512,11.497847785510523,0.06357040423015838
458,33.50418684688509,21.668931155301607,11.70675483597306,0.1285008556104256
459,33.25798426622225,21.357458855995088,11.739169806982897,0.1613556032442649
460,33.17352456338288,21.348409886312602,11.678894239833681,0.14622043723659608
461,33.044091071860805,21.224440615260825,11.695153374818705,0.12449708178127357
462,32.9733345314327,20.98309768535108,11.886900005879792,0.10333684020183036
463,33.09553554100221,20.749225806473873,12.25247035453135,0.09383937999697958
464,33.25752547338622,20.440133803910623,12.714351844332242,0.10303982514334888
465,33.45096427996672,20.0412849217954,13.26986062666836,0.13981873150296487
466,33.7773595408642,19.75585572174576,13.814395809699171,0.20710800941926408
467,34.38102552341124,19.739461619391733,14.356811390428422,0.28475251359108483
468,35.24175635567032,20.096265364814787,14.775399078292295,0.37009191256324
469,36.05800432815028,20.565174707409636,15.024466803719305,0.46836281702134447
470,36.4492762550805,20.930913134491618,14.956674627691442,0.5616884928974399
471,36.39340680141103,21.07633664187812,14.710474114728488,0.6065960448044175
472,36.1906403179071,21.185187154731086,14.434631783015089,0.5708213801609285
473,36.07198901408842,21.314494134701285,14.268661084664895,0.48883379472225
474,36.11251174462145,21.397180884741513,14.302713226329695,0.41261763355023995
475,36.448058961422944,21.550146922336417,14.548298924556098,0.34961311453042815
476,37.01729311479884,21.8573549712324,14.869396154527358,0.29054198903908085
477,37.82588408730128,22.41333364243462,15.18282548250112,0.2297249623655424
478,38.80201594176158,23.10718718202134,15.51499197844365,0.17983678129658892
479,39.80867492734782,23.791916902661132,15.868645107790236,0.1481129168964481
480,40.6013475559966,24.40086509502931,16.06432083366656,0.13616162730072245
481,41.24182105565023,25.052741187025397,16.042785284642267,0.14629458398256245
482,41.89966188940516,25.80452673319598,15.923849543949624,0.17128561225955555
483,42.40319782597075,26.34922307070932,15.855265761337094,0.19870899392433686
484,42.451848661018886,26.27200898536738,15.953268092909976,0.22657158274152958
485,41.84606762817132,25.51221540811695,16.085928421449292,0.24792379860508082
486,40.87254646690372,24.510417372472112,16.12387026395244,0.23825883047916963
487,39.949012730299664,23.839980798667273,15.917458091213968,0.19157384041842007
488,39.38933315058771,23.59964157357121,15.660173348913814,0.1295182281026881
489,39.194565014083416,23.698888219657153,15.409104865988294,0.08657192843796639
490,39.111176702700845,23.986100516330847,15.06052225351588,0.0645539328541156
491,38.823879562113326,24.2414967404337,14.538019349727723,0.044363471951904404
492,38.30553813832731,24.341802623276735,13.93799540707175,0.025740107978817577
493,37.91780376706435,24.44763109368298,13.458246482690958,0.01192619069041
494,37.99014893113689,24.762754938814723,13.221090783569604,0.006303208752562502
495,38.39957120238775,25.233146955047143,13.159288699836091,0.007135547504508893
496,38.488414374907755,25.455278220848207,13.02308731657722,0.010048837482332101
497,38.19002014488251,25.345031422035706,12.83183365595091,0.013155066895891583
498,38.00860256475218,25.22971126222596,12.760538038241618,0.018353264284608393
499,37.89229124796592,25.002888083405438,12.860060135774761,0.029343028785724888
500,37.85475744930864,24.791275985330827,13.027898587477441,0.03558287650037758
501,38.20554770581852,24.884349261199112,13.278938971575624,0.04225947304378808
502,38.79308408955666,25.214974965994188,13.524558910346016,0.05355021321645607
503,39.57599308326332,25.664370488762046,13.849281203745816,0.062341390755456395
504,40.4357315260613,26.17347165496234,14.190776378644797,0.0714834924541609
505,41.316876500874706,26.65689953628464,14.571952595935286,0.08802436865478006
506,42.477882034815835,27.37168959488784,14.980561940414152,0.12563049951384486
507,43.75764270420956,28.231062738402496,15.351711508601042,0.17486845720601754
508,44.806938886922595,28.9597840016132,15.650939020310629,0.19621586499875998
509,45.71246071818845,29.679620511648313,15.827290046463181,0.20555016007696
510,46.19914792036791,30.105799350637536,15.892285659978223,0.20106290975215207
511,46.8120816557733,30.640035523180522,15.946580742355337,0.22546539023744155
512,47.637030000886185,31.375755786495425,16.009824067541956,0.2514501468488024
513,48.03923034564959,31.77355031553024,16.018385838827903,0.24729419129144886
514,47.917130947008566,31.71833331625605,15.965010749813604,0.23378688093891692
515,47.663640224879074,31.508602955165955,15.909213630496515,0.2458236392166025
516,48.104605615896325,31.686667400171967,16.12209170783765,0.2958465078867075
517,49.211210655124496,32.34390749986638,16.483501098548352,0.38380205670976
518,50.43353266890268,33.30795424660719,16.667023276406493,0.4585551458889999
519,51.28243199039461,34.193898308514015,16.57299239229564,0.5155412895849616
520,51.73089593916603,34.76442350402314,16.374633589711895,0.5918388454309969
521,52.08504724319343,35.05654335143209,16.302909526655544,0.7255943651057929
522,52.271416433048245,34.984450446809014,16.380969817855572,0.905996168383656
523,52.34522790389258,34.72551942288424,16.528232601260264,1.0914758797480728
524,52.24260095117551,34.366671384082174,16.610896675324366,1.265032891768976
525,52.36302102145616,34.345835674655916,16.638405302525626,1.3787800442746223
526,53.33772559384284,35.252504895176365,16.660803392707273,1.4244173059592025
527,54.99110102188569,36.611757932332104,16.918294134773166,1.4610489547804162
528,56.62111270853206,37.70907301861167,17.313092388374184,1.5989473015462143
529,57.476524555648716,38.16902068378291,17.49212872876619,1.8153751430996161
530,57.60773960559361,38.28561511637493,17.313386814940355,2.0087376742783247
531,57.54293058442831,38.39148952646475,17.009579772025155,2.1418612859384063
532,57.68176804256326,38.5602262992816,16.832234513515,2.289307229766662
533,57.6543734716363,38.5762182764539,16.63371834902154,2.4444368461608605
534,57.38898705826721,38.52048448093154,16.273590787424126,2.5949117899115395
535,57.08954812414436,38.415232138925155,15.924401670142563,2.7499143150766336
536,57.278270746311186,38.45538522713799,15.904384317787816,2.9185012013853795
537,58.00324977214286,38.61614331203188,16.33350643461289,3.0536000254980897
538,59.07816432835075,38.98552882959414,17.014110911183266,3.0785245875733502
539,60.1192352022618,39.482127696558685,17.628288732435024,3.0088187732680898
540,60.58766212965585,39.8281599540758,17.87064561845545,2.888856557124596
541,60.46477021385719,39.68768553974201,17.87696474033136,2.9001199337838224
542,60.29298821945393,39.1686973304396,18.093081993805246,3.031208895209092
543,60.26655689409064,38.665398998451586,18.495221686606833,3.1059362090322225
544,60.23076808721929,38.343752870094896,18.760980220443884,3.126034996680509
545,60.06219688469003,38.16215155437797,18.75408458076985,3.1459607495422097
546,59.759855931689685,37.98985906942579,18.602724213965008,3.1672726482988893
547,59.553134746498316,37.98750633974031,18.46164438164046,3.103984025117544
548,59.5003385947243,38.03344087971067,18.43163785064555,3.035259864368078
549,59.50994384841609,38.01932613186745,18.420164234334738,3.0704534822139027
550,59.694136422104386,38.206121079344406,18.35814644225338,3.1298689005066023
551,60.17869255076803,38.702172305449,18.42820765092597,3.048312594393063
552,61.18688504446536,39.52532083830888,18.74769957001551,2.9138646361409766
553,62.304661425439164,40.22895810765725,19.187806039165444,2.8878972786164736
554,63.304820909771166,40.745292794959674,19.622086696431655,2.9374414183798336
555,64.44781797637629,41.3930109022992,19.994662191121158,3.06014488295592
556,65.72034728357251,42.37868473781568,20.092575939809983,3.249086605946844
557,66.42209843594814,43.08928445634583,19.97843451346013,3.35437946614218
558,66.63181770927305,43.47098485827888,19.826891548394446,3.3339413025997224
559,66.87931165541703,44.007388148737725,19.58096847000622,3.2909550366730813
560,67.47604307321129,44.95257218566385,19.262679860214835,3.260791027332602
561,68.32731819994694,46.13371431445694,18.971686225596002,3.22191765989401
562,69.18168483440257,47.096012786556116,18.894141498947075,3.191530548899381
563,70.03995103469182,47.786654108869286,19.05761530797824,3.195681617844303
564,71.01427626770628,48.44810294622911,19.34554500318613,3.2206283182910274
565,72.14565005055765,49.3892086399841,19.469778365333557,3.2866630452399845
566,73.08103169758317,50.418327507888414,19.34957243648572,3.31313175320904
567,73.78842336045471,51.33821721399417,19.132343058570495,3.317863087890052
568,74.35663608985212,51.983103150178955,19.010041496163396,3.3634914435097603
569,74.88050616498045,52.43172763979537,18.935502207783063,3.513276317402016
570,75.48282520473617,52.80260953016296,18.873299593149206,3.8069160814239993
571,75.84790141412996,52.946744685503894,18.73764213166804,4.163514596958024
572,75.77407725772886,52.86695617083156,18.42701487036601,4.480106216531301
573,75.5306530164535,52.7805881053245,18.0509612234036,4.699103687725393
574,75.50507719985671,53.00918193711064,17.752115560943402,4.743779701802679
575,75.67704321138154,53.57261272857247,17.433493844033475,4.670936638775599
576,76.14272318486574,54.36870605373098,17.17392708913256,4.600090042002202
577,76.8178524631761,55.285628802250805,16.98374800105918,4.5484756598661145
578,77.74742822295327,56.53782710851272,16.660797351695997,4.548803762744551
579,78.44814281300535,57.503920048654564,16.20035049616281,4.743872268187969
580,78.59139842787934,57.729279717815395,15.667428383205063,5.1946903268588684
581,78.68684353577092,57.70774875031949,15.19667505965569,5.782419725795738
582,78.95075372656348,57.92970950864075,14.677822575409625,6.343221642513103
583,79.20269655484833,58.335014871809335,14.089286093329248,6.778395589709744
584,79.05614739597532,58.467411244226014,13.515516970639359,7.073219181109952
585,78.49124143318954,58.28595075164744,12.954044412359107,7.251246269182992
586,78.10039110306943,58.27750055644982,12.408579085561316,7.414311461058289
587,78.17577398675249,58.880916394117015,11.861353455156667,7.433504137478808
588,78.63209909632103,59.96797280634686,11.333076833478604,7.331049456495568
589,79.4982591832923,61.2254610783802,10.96567129947025,7.307126805441851
590,80.36001745811707,62.16538708393882,10.723086697695,7.471543676483253
591,80.965728970621,62.70995567310077,10.470805471733758,7.784967825786469
592,81.08718487227567,62.95907513160674,10.054775248913435,8.073334491755505
593,80.90659768916817,62.977182728090604,9.576595393379801,8.35281956769776
594,80.59052340844907,62.75625720009408,9.224674773992101,8.609591434362878
595,80.26049857837718,62.570716497153846,8.960511869518188,8.729270211705145
596,80.06176516998785,62.730602105573475,8.563288635892672,8.767874428521703
597,79.91618823651429,62.96100216164149,8.134173630314452,8.821012444558345
598,79.68877937966292,63.15980649033993,7.735665624437733,8.793307264885255
599,79.1063908026208,63.235515890606436,7.261566215856835,8.609308696157523
600,78.76678998456404,63.33638522905599,6.924299220935942,8.506105534572121
601,78.68801963412447,63.436866786151484,6.600037221770138,8.651115626202854
602,78.98650107539392,63.69116914606057,6.283830757319279,9.01150117201406
603,79.79393434842154,64.42146953741388,6.073845226257219,9.29861958475044
604,80.73253833383082,65.43189123248337,5.9361720433041665,9.364475058043281
605,80.85591162098015,65.93949361197004,5.7312959459167505,9.185122063093356
606,80.16551503467095,65.79486219742637,5.499200595001754,8.871452242242823
607,79.23054629696941,65.35208105521956,5.421558929166258,8.456906312583603
608,78.66150173017472,65.03993852312307,5.563764446952689,8.057798760098965
609,78.86009558282751,65.27299241323527,5.7036159280488254,7.883487241543425
610,79.63202070757237,65.94068973959355,5.778139683157776,7.913191284821042
611,80.50947273564016,66.47658087461683,5.972579074262324,8.060312786761001
612,80.75654934015428,66.47711002595415,6.144554938180838,8.134884376019299
613,80.87361391349701,66.52092584322753,6.165962258999225,8.18672581127025
614,80.72992726834082,66.56859793027225,6.0132450653817715,8.148084272686802
615,80.72905986085058,66.94308178837504,5.811907025841884,7.974071046633654
616,81.06878632309054,67.67636281453507,5.6286957988623065,7.763727709693155
617,81.61034729273986,68.53173287927804,5.483171345497563,7.595443067964258
618,82.41286579601932,69.29909319240714,5.475492922123494,7.638279681488688
619,83.0948119114431,69.76012984191887,5.631795500500584,7.702886569023653
620,83.4933084135817,70.01037538138766,5.826523999263585,7.656409032930456
621,83.28782014368811,69.77454958245313,6.003363852078164,7.509906709156811
622,83.00293540459526,69.32409757424615,6.261256213535053,7.417581616814062
623,82.79019708435357,68.94204219296488,6.477858717927165,7.370296173461525
624,82.4847514504237,68.4859173352223,6.645948758808012,7.352885356393385
625,81.76801995881462,67.80977600996172,6.75240841656371,7.205835532289187
626,81.01321013229096,67.20799346971842,6.783970904564604,7.021245758007955
627,80.20994487189523,66.66611521781856,6.77893067882572,6.764898975250965
628,79.40243532978477,66.31929754828923,6.681135311828207,6.4020024696673365
629,78.99863860674762,66.21070325305632,6.602758643988889,6.185176709702403
630,78.94905034548613,66.15677116462246,6.600209966075265,6.192069214788398
631,78.81037091108149,65.69611049962023,6.716151253787669,6.398109157673591
632,78.29595806532166,64.69456244471485,7.057144680793116,6.54425093981369
633,77.62043163362019,63.552044678870175,7.5199076948699,6.548479259880116
634,77.09216137747744,62.78644194201974,7.916980171077893,6.388739264379803
635,77.18795403867783,62.83886288386056,8.204497943576271,6.144593211241001
636,77.65894844395027,63.368951591631536,8.425073756357017,5.864923095961707
637,77.85497373806824,63.83921071609692,8.491771094222209,5.5239919277491065
638,77.68393357646882,64.00277731013001,8.47891019841765,5.202246067921158
639,77.8468685232499,64.38248191350765,8.595664969548602,4.86872164019364
640,78.56831536026644,64.95836578023658,8.834197361414573,4.7757522186153025
641,79.36897557193537,65.4104110432555,9.043356430718413,4.915208097961459
642,79.59590828870913,65.23797665430871,9.146519567579396,5.211412066821027
643,78.84899877244071,64.29510885024513,9.221592197619652,5.332297724575922
644,77.46479668357412,63.04586085586922,9.277202892587011,5.141732935117882
645,76.0293127617146,61.864264366302244,9.282820351209294,4.8822280442030745
646,74.64427552309762,60.68455805286436,9.18798029295106,4.771737177282197
647,73.5026717943739,59.77856527316761,8.971817656956548,4.75228886424974
648,73.04094737378105,59.555491319553795,8.85584701404135,4.629609040185917
649,72.87940212147245,59.69792189583558,8.828053685008648,4.353426540628222
650,72.93961283299298,60.0809611433619,8.841316829130337,4.017334860500741
651,73.26296227498337,60.55098464552974,8.90044583968225,3.8115317897713816
652,73.5471854185073,60.88146827574137,8.915761422855473,3.749955719910457
653,73.17444602282444,60.594952377119434,8.776721225825986,3.8027724198790223
654,72.2057458135265,59.822756626476526,8.513542892921713,3.869446294128273
655,71.38345485220533,59.23554363394455,8.218755645977328,3.9291555722834524
656,71.36719501096687,59.38492413934287,7.902423484512502,4.079847387111504
657,71.95326776359191,59.97226393246177,7.606885862004721,4.3741179691254235
658,72.73286769179091,60.64975984011163,7.3604844657328385,4.722623385946452
659,73.38255112778464,61.26247892625411,7.1745029790801125,4.945569222450415
660,73.57442324267376,61.56824897759494,7.0241328659071245,4.98204139917169
661,73.46982989948805,61.521277700597004,6.868349274667744,5.080202924223301
662,73.06624719624752,60.94957267864973,6.773500109402214,5.343174408195563
663,72.66156019830863,60.17787178517764,6.787040102258728,5.696648310872257
664,72.34218245486089,59.43744198464261,6.853152130612657,6.051588339605618
665,72.18838926584127,58.96137449487886,6.835750492499312,6.3912642784631
666,72.41496650359832,58.881618204471366,6.75976844598292,6.77357985314404
667,72.98674926747205,59.11554718509859,6.566222571284505,7.304979511088952
668,73.51488713598096,59.29257798802276,6.261326927326209,7.960982220631987
669,73.38315461025013,59.00841441340677,5.856999884961123,8.517740311882239
670,72.3467391169467,58.0444717525839,5.412459636489422,8.889807727873363
671,70.69911227794293,56.62731317108211,4.995578449152064,9.076220657708754
672,69.01634062387562,55.121272272698434,4.651566550945865,9.243501800231327
673,67.653805958581,53.77363638195691,4.412054417209028,9.468115159415062
674,66.69632710007225,52.81135778982067,4.196496260785522,9.688473049466063
675,65.68602106310446,52.04239837074306,3.9394251649941903,9.70419752736721
676,64.70539260812247,51.378511865783516,3.7020053443521603,9.624875397986788
677,63.98772664395969,50.86347726790678,3.5151127686595607,9.609136607393346
678,63.553838741472944,50.6188912039568,3.3887268448332604,9.54622069268289
679,63.73788854170962,51.12631659823026,3.2567418074731407,9.354830136006223
680,64.46710668045533,52.3395246986966,3.1387488957201324,8.988833086038593
681,65.55171089987634,53.819040334159816,3.08933169454427,8.643338871172249
682,66.70676242584226,55.30044771615732,3.12770847689978,8.278606232785158
683,67.9000056686762,56.869671799922884,3.228325116191403,7.802008752561912
684,68.88691267305839,58.31151714617275,3.3475457173444028,7.227849809541246
685,69.30764663911653,59.1965539207849,3.5011625793867838,6.609930138944835
686,69.0493705546108,59.38552460496016,3.6999077239479368,5.963938225702703
687,68.17383759093505,59.016420392231694,3.8339413576911836,5.323475841012175
688,67.2856492735063,58.677268666263565,3.890717155148208,4.717663452094524
689,66.66387512642928,58.52201147201952,3.9226194188257444,4.21924423558401
690,66.09979792623474,58.182357706133764,3.9878197265858124,3.9296204935151615
691,65.45853174538541,57.57151047496377,4.09118976220086,3.795831508220784
692,65.11032948167276,57.24044035932192,4.143065088558243,3.7268240337925915
693,65.34107896296442,57.553887219798504,4.07019113226396,3.717000610901953
694,65.98045167029782,58.271858272992375,3.91295663759308,3.7956367597123593
695,66.27492234440747,58.547945288269666,3.8257110633062497,3.901265992831553
696,65.9634458234406,58.14534146314793,3.871229864146574,3.946874496146093
697,65.10879658687873,57.41795430622641,3.952971289848963,3.7378709908033536
698,63.904163030350574,56.637203255791725,3.8428912388845977,3.424068535674255
699,62.63090758408753,55.85140996960841,3.576408419346302,3.203089195132817
700,61.611618959093846,55.11080797115716,3.3669390763699685,3.133871911566721
701,61.13652267577509,54.66100732311655,3.3504702142152603,3.1250451384432787
702,61.05747956301614,54.430775121779966,3.472764857925937,3.1539395833102337
703,60.98769938282001,54.27150704495525,3.4817970559339084,3.2343952819308517
704,60.79950726897893,54.13563539286391,3.3853356339609855,3.2785362421540363
705,60.62979830500524,54.14400744592977,3.2741735744794176,3.2116172845960445
706,60.554564415207395,54.32410087604201,3.230262990549698,3.0002005486156897
707,60.34678738615788,54.460606450859274,3.1434761648220104,2.742704770476595
708,60.28463378347689,54.70944525349723,3.0607987463320994,2.5143897836475624
709,60.79760660361993,55.41215294971996,2.9975148225555626,2.387938831344404
710,61.495479157778,56.30325119710458,2.8526192555472147,2.3396087051262024
711,62.18486568894152,57.0836433384501,2.7274608378067606,2.373761512684657
712,63.136513863758815,58.00548217833431,2.695421210366441,2.4356104750580623
713,64.0612829608128,58.838112797660294,2.7375666757636092,2.4856034873889024
714,64.76841907153589,59.551690803465625,2.7005610640477915,2.5161672040224716
715,65.06541980562693,59.925411063650245,2.62634270698826,2.51366603498843
716,64.91797863958828,59.90318255383603,2.5585847396558283,2.4562113460964206
717,64.71865285600674,59.87647329984166,2.4695918205422496,2.3725877356228353
718,64.46618402752891,59.84569538112,2.3696660312342415,2.250822615174672
719,63.75817055114162,59.38933075832202,2.2800576597965607,2.088782133023041
720,63.03697078077589,58.802758482540746,2.271185114279426,1.9630271839557183
721,62.78851819188301,58.446906013120056,2.357991563393102,1.9836206153698486
722,62.72223375928173,58.10416598500269,2.466974312020621,2.151093462258422
723,62.47733568920271,57.74592155397611,2.4495905976422394,2.2818235375843594
724,61.86162838449179,57.26444322205801,2.293232389561373,2.3039527728723983
725,61.509494626397505,57.118005050211515,2.124534996207541,2.2669545799784467
726,61.50107596253048,57.162802553606134,2.145972587921822,2.192300821002521
727,61.681618232578785,57.268674192927605,2.3777744547714925,2.03516958487969
728,61.93389774054378,57.41359204330104,2.686410654048023,1.8338950431947163
729,62.33637661475522,57.788242011420834,2.8788367010822498,1.6692979022521344
730,62.62699635501912,58.12335977444478,2.9845082284687847,1.5191283521055625
731,62.82193793017642,58.384375166895616,3.046590291607403,1.3909724716734015
732,63.397332108693256,59.03902839516394,3.1144880501890877,1.2438156633402258
733,64.45506353130463,60.27620442448202,3.0504950279608902,1.128364078861729
734,66.00171135545902,62.11089614185529,2.791879975410481,1.098935238193254
735,67.89327873786947,64.20189096796805,2.5724348074805694,1.1189529624208328
736,69.67472613682183,66.04860215478737,2.4904559169262654,1.1356680651081985
737,70.89132703043138,67.25530600693689,2.535143033475562,1.1008779900189287
738,71.77745346524378,68.12673545875377,2.6049464827153153,1.0457715237746839
739,72.429425589733,68.84629730726826,2.6207166033375624,0.9624116791271888
740,73.06279692417412,69.58339382438918,2.615627364595416,0.8637757351895297
741,73.2843615262373,69.95302096843591,2.567548948910436,0.7637916088909584
742,73.03694689595305,69.87501139097841,2.496287062877348,0.6656484420972961
743,72.64415021422032,69.62562207285356,2.4555461331523327,0.5629820082144128
744,71.99906236332747,68.94812055350025,2.5393241565604896,0.5116176532667208
745,72.25990720075544,69.17506513156471,2.5910346114948104,0.4938074576959224
746,73.22796782022763,70.15766195693138,2.606717712227558,0.46358815106868645
747,74.02326785226836,70.97722117230803,2.6090266829933126,0.43701999696701427
748,74.0944395694657,71.09424769070543,2.576702129791465,0.42348974896881
749,73.68791026707108,70.7387361904412,2.5274421961951967,0.4217318804346769
750,73.18966471288262,70.23199784869904,2.52202352750576,0.4356433366778089
751,72.45198962553863,69.47994492475236,2.5158886991643024,0.4561560016219683
752,71.67682683670972,68.7212694915453,2.501578193654353,0.4539791515100625
753,71.26192356822857,68.34839859751953,2.4648013107878444,0.44872365992119206
754,71.01982328031359,68.24301650876892,2.317371197851445,0.45943557369323285
755,70.44650760607178,67.89460265068031,2.1218021580293036,0.43010279736217283
756,69.90486290654665,67.57858447054306,1.9827244322325506,0.34355400377103995
757,69.5452441189486,67.41685664471144,1.8536324466645242,0.2747550275726399
758,69.13310937432324,67.26362529086738,1.6337992535504644,0.23568482990539236
759,68.49796098423205,66.92172339795181,1.3963669370256842,0.17987064925455992
760,67.60431942729458,66.27923480878773,1.1981672428602277,0.1269173756466225
761,66.77414209384897,65.64524410579958,1.0321119159082282,0.09678607214115997
762,66.12952929165772,65.15677781759301,0.8713920235321162,0.10135945053260009
763,65.96837282468637,65.10820875881099,0.7262271484357442,0.1339369174396449
764,66.3367685891871,65.54560088440499,0.616167272452033,0.1750004323300809
765,66.73391201624689,66.00751097434042,0.5412658345534441,0.18513520735302808
766,66.75818726537872,66.10581484557807,0.49943831739024985,0.15293410241041003
767,66.24763385695121,65.63544748303566,0.5106068549697601,0.10157951894577638
768,65.60520458219034,64.98696014082999,0.5671625019076864,0.051081939452659576
769,65.21754166750605,64.59048069522849,0.61132523175441,0.01573574052315239
770,65.3283878298963,64.7135826914206,0.6136709853494026,0.0011341531262961016
771,65.65138676981994,65.01551838104399,0.6347797286494224,0.0010886601265225086
772,66.12047746630053,65.39602580981166,0.7213548241412098,0.0030968323476561017
773,66.45012142829746,65.65404919694907,0.79479719436572,0.0012750369826755941
774,66.5141973094807,65.69739244229184,0.8158711124941055,0.0009337546947599973
775,66.53352050275353,65.67601718037228,0.8475017823219598,0.010001540059289984
776,66.82892616827375,65.8649716616851,0.9504030834527158,0.013551423135936384
777,67.59765244727103,66.47754199111873,1.1145519395364967,0.0055585166158116026
778,68.59324386082352,67.30249392196646,1.290735093633353,1.4845223702499739e-05
779,69.23185168652104,67.82129251901118,1.406901079460532,0.003658088049336903
780,69.47123244255546,68.0204735645015,1.4425056570383448,0.008253221015617599
781,69.72113763493918,68.27637591956302,1.4379829068605627,0.00677880851559039
782,70.13838830698903,68.6974938310077,1.4363553171233767,0.004539158857958398
783,70.24519790113973,68.79730177862493,1.442948083345507,0.004948039169290011
784,69.91122618867125,68.47818679845994,1.4210761123956608,0.011963277815632927
785,69.57123030314035,68.11796713605213,1.424181315110862,0.02908185197736042
786,69.59442897820027,68.12938514897202,1.4295467596959028,0.035497069532355624
787,70.03271056100178,68.6153704471666,1.3969912881916997,0.020348825643476075
788,70.49591801641992,69.1877302429391,1.3005133004002503,0.007674473080564906
789,70.81362120652199,69.62919693957966,1.1773632764602382,0.007060990482090016
790,70.99214127983934,69.86693921476338,1.1083984522494015,0.01680361282656249
791,71.30942853519501,70.16926807862122,1.1113469591475365,0.028813497426252135
792,71.55914811664287,70.39294722474924,1.139426851323572,0.026774040570062524
793,71.56940076683442,70.38588633532949,1.1669570008814656,0.01655743062346239
794,71.41063680053468,70.24673548131616,1.1550940110090002,0.008807308209507599
795,71.00585686250402,69.92357114147349,1.0748965117510654,0.007389209279460108
796,70.6449603193458,69.67964420048688,0.958727496386616,0.006588622472308893
797,70.3960510437945,69.5455031284486,0.8481988555634942,0.0023490597824100093
798,69.83367344093878,69.06753054557255,0.766024454588933,0.00011844077730250253
799,69.07704750920726,68.37346704600151,0.7032003660703847,0.0003800971353663967
800,68.46939584839241,67.81438140922349,0.6541696852893047,0.0008447538796225014
801,67.71256044179046,67.099656507844,0.6124244601547808,0.0004794737916721025
802,66.67185097354462,66.1099823050685,0.5616472734196899,0.00022139505642249874
803,65.90980794277007,65.40602598190864,0.50368757439025,9.438647117290104e-05
804,65.64405573680258,65.20033856615149,0.44367049278740256,4.6677863694401474e-05
805,65.86473744826608,65.4670691882873,0.39710680553209204,0.0005614544467009029
806,66.54457962107169,66.16572600002344,0.3764437742940197,0.0024098467542361035
807,67.51199229160153,67.15500599592966,0.3523509163595716,0.004635379312304417
808,68.44549407142273,68.13523541691342,0.30728835654912157,0.002970297960193598
809,68.91826192307379,68.68742313695802,0.23048910621369603,0.00034967990207290095
810,68.76394421001056,68.60953936096502,0.153424745841984,0.0009801032035599976
811,67.89551956590454,67.79336580137837,0.09671935170702253,0.005434412819140897
812,66.93436009368878,66.87114120689817,0.05456474126554093,0.008654145525075593
813,66.26695778522239,66.22943089690621,0.030833207181576876,0.006693681134606402
814,65.58603793932143,65.56315650618457,0.019655953076096095,0.0032254800607560983
815,64.6375267681533,64.61945587759,0.01705429919425211,0.001016591369040904
816,63.43127610420435,63.41275730176257,0.018367234334092868,0.00015156810769000335
817,62.26320696891793,62.23831377735169,0.02101694747117291,0.0038762440950600966
818,61.22087490126335,61.193527913597805,0.019472095352002495,0.007874892313548102
819,60.30274766957717,60.28507501919296,0.012288199159622483,0.00538445122459241
820,59.583893737280434,59.57443443452843,0.007342770958600901,0.0021165317934084
821,58.92368199132011,58.914282718096,0.006684424524388898,0.0027148486997240983
822,58.106599566932005,58.088814759923416,0.011513489578864892,0.0062713174297225095
823,57.42592061600744,57.401870599220935,0.015214366463040916,0.008835650323459612
824,56.952859563281066,56.929517291677826,0.013891429828848103,0.009450841774393608
825,56.13156130448176,56.10968266577771,0.010782668758536892,0.011095969945508093
826,54.80294174026392,54.779300900416,0.009760993429107594,0.013879846418817617
827,53.10169631686953,53.07905098118715,0.011754436703694393,0.010890898978680926
828,51.348174612127764,51.32501498979145,0.0189366331969936,0.004222989139320905
829,49.62975178448419,49.58414717817739,0.044433612963552395,0.0011709933432483947
830,47.91769524333287,47.82690884133803,0.08806454493002405,0.002721857064816408
831,46.32580340979429,46.16671187055754,0.15028828476230885,0.008803254474435605
832,45.14320786759973,44.94417766287477,0.18651232743073287,0.012517877294222402
833,44.367633343075404,44.175554155842484,0.18279170001893164,0.00928748721399211
834,44.029502165900354,43.84157753770945,0.17991541277749687,0.008009215413408393
835,44.060322948763414,43.8388285506025,0.2094574535976484,0.012036944563260125
836,44.328518979129235,44.03340845604137,0.2806803897401284,0.014430133347740086
837,45.02835402994995,44.61938256141273,0.399927774266465,0.009043694270755612
838,45.896821063744255,45.34260754684248,0.5506473000705768,0.0035662168311960977
839,46.53501871972657,45.84237334426815,0.6896511222295696,0.002994253228852894
840,46.84444920706669,46.02226415699406,0.8129580797699342,0.0092269703026944
841,46.70642626885675,45.77878752956543,0.9017778025368322,0.025860936754489642
842,46.21151207010046,45.19707085448782,0.9574520149173528,0.05698920069529207
843,45.647966573001476,44.56176420896201,0.9814955648329765,0.10470679920649004
844,45.14287379062239,43.984082029501145,1.0204136088994575,0.1383781522217797
845,44.77373786747866,43.522634064599444,1.1090578589217854,0.14204594395742898
846,44.49507845232345,43.10082831921085,1.2558887646672252,0.13836136844537641
847,44.210014192559875,42.66387785487909,1.384341508258985,0.16179482942179843
848,44.03009721654182,42.38576935799058,1.438434521704051,0.2058933368471842
849,44.0705018830144,42.385674956729545,1.4491009264017662,0.23572599988308846
850,44.224125842063415,42.57932345031555,1.3985531668993594,0.24624922484850262
851,44.34745475639841,42.773390016727916,1.3224936290076725,0.25157111066282256
852,44.34046651439497,42.84667771701451,1.2194751329303104,0.27431366445014443
853,44.03637427315141,42.57433501727132,1.1478321127003328,0.3142071431797489
854,43.36510651268036,41.88013298964183,1.1233017145993038,0.3616718084392335
855,42.61313758321257,41.070272903702126,1.15975733255209,0.38310734695835563
856,41.755384079261255,40.12301405847262,1.2528348853031452,0.379535135485493
857,40.578451078802054,38.84214887911512,1.3629005799948892,0.373401619692041
858,39.6514810201543,37.80316355103295,1.4548852938127874,0.3934321753085584
859,39.50659808912988,37.6018976371715,1.4663566961222656,0.4383437558361158
860,39.797277439164034,37.97151609393436,1.3575375408908563,0.46822380433881616
861,40.12788021118152,38.455931558377,1.2014899937025003,0.47045865910201207
862,40.43636453291991,38.89656010602606,1.080154529661329,0.45964989723252253
863,40.83097500912797,39.3601940281129,1.0094760431109224,0.461304937904149
864,41.135177910918756,39.64997699679048,1.0172459614566542,0.4679549526716289
865,41.11490174299479,39.60368859112275,1.06733734764804,0.44387580422400263
866,40.45411328527269,38.93801907952762,1.1369639997848195,0.37913020596025
867,39.51265183345097,38.01256999630491,1.20632022194121,0.29376161520484007
868,38.65380320613129,37.19850799943936,1.2557624465491246,0.1995327601428101
869,38.16298660098863,36.77273854424688,1.278115129349252,0.11213292739250248
870,38.0499021291357,36.72952401008634,1.2778088850763683,0.04256923397299695
871,38.1714885761118,36.8808781418579,1.2860590146229767,0.004551419630924103
872,38.52509342500347,37.22397348362047,1.2973939425852807,0.0037259987977215905
873,38.99153287197502,37.66294697321024,1.2953622043440396,0.0332236944207424
874,39.39590465367319,38.05529069012076,1.2584371470607227,0.08217681649170011
875,39.6043113337989,38.245087950362915,1.2144593651110143,0.1447640183249689
876,39.7559433975795,38.35502220025479,1.1840140352383282,0.21690716208638483
877,39.84882381622562,38.41284011916648,1.1449552982677056,0.2910283987914304
878,39.71486477652359,38.271079125497515,1.0853469066240253,0.3584387444020516
879,39.52630122216775,38.052157448431885,1.0502172125771234,0.42392656115874483
880,39.42357918357958,37.862460949504,1.0554458650661023,0.5056723690094737
881,39.206546194260625,37.53921289654906,1.0749454064821478,0.592387891229412
882,38.828908808696575,37.061663150806815,1.1126140943314573,0.6546315635583024
883,38.19725287162513,36.410973704846384,1.1269233277656023,0.659355839013144
884,37.396285407159745,35.66892164103989,1.0786572028046926,0.6487065633151684
885,36.52681849342006,34.874981391648745,0.9717927283884303,0.6800443733828808
886,35.64197467720794,34.02408673898729,0.8761154127475369,0.7417725254731088
887,35.05654035607277,33.41056950042003,0.8442106951521722,0.8017601605005721
888,34.78419444768292,33.10347798926883,0.8213821188857955,0.8593343395282943
889,34.79882069166458,33.09415419284353,0.7516895548801025,0.9529769439409445
890,35.052093100241244,33.297618873199205,0.6617048721419537,1.0927693549000883
891,35.43160870269994,33.57642401835955,0.6322237974300003,1.2229608869103843
892,35.782514971427645,33.792357972493086,0.667387908247897,1.3227690906866598
893,35.95538204134791,33.806613128222615,0.7218226748181904,1.4269462383071023
894,35.97119305022304,33.70356296530992,0.7713226233750624,1.496307461538061
895,36.108473943112855,33.80113751569268,0.8342188539278724,1.4731175734923023
896,36.359458418561765,34.04919574141708,0.903110554227264,1.407152122917425
897,36.645531550090084,34.28845270399842,0.9628131371333762,1.3942657089582842
898,37.22427074474102,34.74704150896289,1.0318890940491363,1.4453401417290002
899,37.898951317513756,35.250795068643995,1.1466290232985223,1.5015272255712397
900,38.04034235434462,35.185190048981305,1.3424352254339047,1.5127170799294096
901,37.775134170751684,34.62274048911373,1.5901264979647518,1.562267183673197
902,37.98781058466066,34.48379900487301,1.8430901684848846,1.66092141130276
903,38.859222186981675,35.06100000343968,2.041647586670275,1.7565745968717241
904,39.39916036137803,35.48826817892931,2.128966156509198,1.7819260259395202
905,39.3643287564137,35.41259715585043,2.205871378758464,1.7458602218048016
906,39.22916357786805,35.1455250898985,2.3823729562890628,1.7012655316804899
907,39.18284639126086,34.899142276460154,2.605977565846402,1.6777265489543054
908,39.1633310202822,34.686191992552395,2.8054861442181025,1.671652883511706
909,39.328109029841265,34.72618567014969,2.9236025137615202,1.678320845930053
910,39.66344266744192,34.99292847542041,2.9865082636498554,1.6840059283716513
911,39.991186715098046,35.279386171019176,3.008614163955918,1.7031863801229492
912,40.31554125902949,35.58474992509661,3.0423187226708714,1.688472611262008
913,40.70044979346792,36.096118192180334,3.0613114803349517,1.5430201209526317
914,41.18935148680071,36.731776970725626,3.063480323439205,1.3940941926358756
915,41.243921222531064,36.64187599822115,3.13751261735835,1.464532606951562
916,41.068448796196066,36.14547362614793,3.225808462230817,1.6971667078173203
917,41.338767403529815,36.2044089790794,3.2788454037278982,1.855513020722509
918,42.055425861901114,36.90878260953762,3.259373330072371,1.8872699222911247
919,42.776481705704,37.729923818919076,3.242149340337364,1.8044085464475623
920,43.541298075124665,38.61408656718663,3.243235011104592,1.6839764968334399
921,44.360975092107125,39.571943263877436,3.177709036464481,1.61132279176521
922,44.7631366648599,40.15701755615312,3.0121440769647623,1.5939750317420178
923,44.85937522163322,40.40453033735364,2.819590227648603,1.6352546566309776
924,44.95192106565106,40.62384607469817,2.630786421384807,1.6972885695680784
925,45.234889540173334,41.022300279727936,2.498676603603278,1.713912656842117
926,45.43759090908347,41.28840501353338,2.470476273399014,1.6787096221510727
927,45.88880643094533,41.670223642985015,2.527247450288334,1.69133533767198
928,46.53935292738549,42.16085913796957,2.6027829660519184,1.7757108233639998
929,47.1260281666317,42.5406674440949,2.678800769233977,1.9065599533028168
930,47.798004577539935,42.89078822039693,2.8124513887915197,2.094764968351484
931,48.643845268634614,43.23907954832041,3.0561963520958817,2.3485693682183184
932,49.77982800283825,43.84912786318275,3.3379242498016897,2.592775889853812
933,51.205599556746655,44.94846258633332,3.5369031366366714,2.720233833776659
934,52.83585456169264,46.387407059715805,3.6480701658609966,2.80037733611584
935,54.263152617778616,47.67582071953792,3.6690388058211902,2.9182930924195127
936,55.33350085911867,48.65544833204306,3.5267185876995217,3.151333939376096
937,56.11951712651766,49.491289862721246,3.2482010510441577,3.380026212752258
938,56.86928627888712,50.36576520627195,3.0107881726380437,3.4927328999771206
939,57.631634902010504,51.195530423067034,2.9732969470305046,3.4628075319129614
940,58.35841732588532,51.90136459704842,3.1316192527209488,3.3254334761159523
941,59.06804002062241,52.603335288053856,3.3382030921665007,3.126501640402057
942,59.50372151137166,53.10064313729381,3.4614979810428204,2.9415803930350317
943,59.78977596236714,53.491247703195214,3.4925627213392034,2.8059655378327224
944,60.043138229299736,53.77669328102318,3.510752551902052,2.755692396374509
945,60.411056798755524,54.08569377770957,3.5452360023296845,2.780127018716264
946,61.009123410373846,54.60688396695252,3.5613827920685175,2.84085665135281
947,61.812658036696845,55.32931195766035,3.551448006527388,2.9318980725091044
948,62.79961107236632,56.294939072061716,3.4566040772785804,3.0480679230260224
949,63.89203617535831,57.306760115494576,3.3416060091562407,3.2436700507074887
950,65.13581463361906,58.457204818080314,3.22300026138829,3.45560955415046
951,66.49839052152606,59.77544048632662,3.0958484492754295,3.6271015859240103
952,67.60996795428854,60.93865442460367,2.952175707730916,3.719137821953957
953,68.24949740545287,61.66459464731332,2.8421983202298433,3.742704437909702
954,68.42007995367331,61.887407433687905,2.7920067641326076,3.7406657558528065
955,68.57887707152284,61.98543860173725,2.799053740269798,3.7943847295158024
956,69.07656735431944,62.25359674199652,2.866120570458685,3.9568500418642274
957,69.54188321624959,62.48002627198864,2.9602651522832515,4.1015917919776905
958,69.55339972216078,62.3552932758235,3.0602092235404363,4.13789722279684
959,69.3912320981211,62.20017632693414,3.1149498072777617,4.076105963909185
960,69.57235845370523,62.44410200522296,3.1143700573656843,4.013886391116587
961,70.00733494005179,62.98823653567563,3.0423582120392036,3.976740192336965
962,70.15513812134868,63.298566275888945,2.9500369491104648,3.906534896349272
963,69.9601482513381,63.25493730592351,2.880126110149164,3.8250848352654074
964,69.86257566351466,63.24917924975127,2.8426697123978593,3.770726701365528
965,69.884736402061,63.33316513570342,2.7794855846359448,3.7720856817216393
966,69.96999996745926,63.449067422049445,2.681855435060122,3.8390771103496903
967,70.0807147394848,63.57386881861019,2.577111442728096,3.929734478146524
968,70.21956063387546,63.81114368901381,2.426670552572954,3.981746392288704
969,71.07729328841391,64.72015197665128,2.256244957273644,4.100896354489
970,72.63767353443694,66.19924425474721,2.0516866529935798,4.386742626696144
971,74.58040947971674,67.98273153063865,1.866548727142964,4.731129221935126
972,75.95415972246943,69.31714744537786,1.6993130210005405,4.937699256091034
973,76.59135037935037,69.98620055297778,1.598546405931322,5.006603420441285
974,76.83020778713002,70.2774361359468,1.5659389901850256,4.986832660998192
975,77.19260503760702,70.63131082431069,1.5574259510578135,5.003868262238528
976,77.96981599713122,71.39121868163635,1.5494082634602444,5.029189052034621
977,78.48026588093957,71.99285702567141,1.5108551768088805,4.976553678459283
978,78.40632770547904,72.08190702292522,1.4648464957290648,4.859574186824757
979,77.95416312086112,71.85297320726917,1.4167605508118002,4.684429362780146
980,77.84800069136804,71.97579498231657,1.36500456922281,4.50720113982866
981,78.43963386294351,72.76353528206097,1.3052162225523605,4.370882358330181
982,79.68249593518293,74.05660574175444,1.3292727419516277,4.296617451476856
983,81.17158986275852,75.54564558715403,1.4018274657452028,4.224116809859297
984,82.87141376366144,77.32751809079636,1.492832700623009,4.051062972242067
985,84.64311984403695,79.33079463163597,1.5547622035530817,3.7575630088479017
986,86.17087740252079,81.13265288664823,1.6265755494127443,3.4116489664598015
987,87.10538290913227,82.36748245877477,1.683334984356,3.05456546600151
988,87.96017598503208,83.47752771904993,1.741341969464689,2.741306296517465
989,89.78419149091529,85.43956654845856,1.8407819320825567,2.503843010374177
990,92.48138353327965,88.14628314607504,1.954694207612364,2.38040617959225
991,95.20499235966106,90.82653879792132,2.093567705232225,2.284885856507532
992,97.20556832893224,92.82829271631554,2.169921024528432,2.2073545880882595
993,98.70857969568823,94.34928186872921,2.218734565411393,2.140563261547632
994,100.10152595157774,95.76630428551445,2.2397235607843604,2.0954981052789314
995,101.22024616667633,96.9036110891957,2.2821497720708166,2.0344853054098224
996,101.88993080483372,97.65099559007432,2.18726145308449,2.05167376167492
997,102.3662388827283,98.25480365145435,1.921705531185283,2.1897297000886606
998,102.75800096097831,98.77407444211607,1.713227822572824,2.2706986962894127
999,102.45115509123225,98.49174220067434,1.7431102587663803,2.2163026317915286
1000,101.42685063133024,97.45010590399127,1.903865039173945,2.072879688165017
