Tau,dtime,msd_xx,msd_xy,msd_xz,msd_yy,msd_yz,msd_zz
1.0,0.01,39.785772261130916,1.7619393317326444,-2.2876588624336436,24.69797250208315,-2.3542208937768034,6.042645802656602
2.0,0.02,1.9269693995941939,-0.005754866244311716,-0.020971320552717998,1.3075406257423456,-0.012294770883269041,0.10729148679743222
3.0,0.03,39.95709111753986,1.9430483847858246,-2.3441257600023495,24.788196308327862,-2.361827302750456,5.964111240098228
4.0,0.04,3.092721460098382,-0.001814036182130829,-0.03402091716063407,2.121220176019306,-0.0033511855611787138,0.15971635097503406
5.0,0.05,40.03907981356684,2.1335315341295598,-2.332243907688317,24.560670045302277,-2.3268494328242655,5.936747451213185
6.0,0.06,4.390696840402978,0.005067590467559744,-0.02784271201295182,2.9620890854743736,0.007952807643615977,0.20907880237951382
7.0,0.07,39.72694615932343,2.230442683308145,-2.276888347041903,24.99544711182635,-2.5015556528869194,5.901079520718876
8.0,0.08,5.726011520749037,0.12331189025517468,-0.009049689968350408,3.5685833843228854,-0.058465600350035896,0.2389598309641973
9.0,0.09,40.65657984526348,2.1252689505795126,-2.402327861694559,25.758139059317084,-2.301933486178539,5.892130288263933
10.0,0.1,5.4669297836569735,0.20296262411780297,-0.09216003107882854,4.680716079570806,-0.08022348121533461,0.28078856951154124
11.0,0.11,41.30434634544147,1.9690373909799797,-2.161994993844587,26.325815259658132,-2.329115799836649,5.7969674807157405
12.0,0.12,6.928598040607967,-0.06169810288564364,-0.16101126228141646,5.230670355518916,-0.04274308159557844,0.29937754580805087
13.0,0.13,42.52169854710946,2.1125850280487013,-2.361570748620623,25.5335198894822,-2.3640750032641176,5.834315536490166
14.0,0.14,7.702973909037446,0.1689764199082254,-0.13505053110619814,5.605953930498116,-0.030767136879691105,0.36889945582081485
15.0,0.15,40.420365433404854,2.439235561435664,-2.229916550967672,26.185730867934975,-2.3384120588674207,5.827987414247073
16.0,0.16,8.219663180421598,0.40652727326883303,-0.22946784651278984,7.283959517363074,-0.0913100052336788,0.37970157784778
17.0,0.17,41.638635927903,2.593336089776032,-2.425608205904318,28.129521485936067,-2.5635158870114196,5.788516667500819
18.0,0.18,8.488204058082166,0.08586019375592023,-0.10769175563955259,8.70198612263483,-0.11315211254844451,0.4127501791929176
19.0,0.19,42.32132949267717,1.88235361882251,-2.292408334110028,27.537143249444185,-2.26223816808478,5.74878239454592
20.0,0.2,9.281194579561701,0.47549609272018173,-0.22600039830149077,8.279971435280972,-0.1079346390228132,0.5080770368829811
21.0,0.21,43.996655062747166,1.8902773737895302,-2.1193831087926154,26.646982413235182,-2.590095016669864,5.679046074452365
22.0,0.22,11.12329763102701,0.5351432494566017,-0.19231705767264545,9.968585726609392,-0.06065193345573778,0.544066375483082
23.0,0.23,40.76545930803677,2.7695844342558122,-2.1131029698736645,27.57449581577722,-2.135774800291788,5.741647723099524
24.0,0.24,11.508308081171016,0.05426781379959841,-0.3506019985764448,9.515748707224677,0.020080903820502333,0.42312057457880337
25.0,0.25,43.58520883852228,2.881148597842135,-2.587111877131403,29.43795398810423,-1.805101983902164,5.7235769446764175
26.0,0.26,12.438120218264936,0.28058512839975636,-0.11798796854797199,10.073233203988076,-0.01103241456238204,0.5527296103361358
27.0,0.27,42.25660664046406,2.334382762532258,-2.5589582667527035,28.82627471312318,-2.48727625952438,5.733664294359186
28.0,0.28,13.624843155364788,0.5310336684660055,-0.3745806093189592,12.360103587354368,-0.1017253059642282,0.6755752163301045
29.0,0.29,45.52905579915145,3.041018115707886,-2.840174617576953,29.194086912052555,-2.574399714575788,5.619094985040885
30.0,0.3,14.384757601828479,0.9283887870302968,-0.18320230798351894,11.422968743931497,-0.06254333953899181,0.4927182209659486
31.0,0.31,41.97020638103757,5.28404192402393,-3.1037928466690867,28.294947544018,-2.6270508165498985,5.647826139599482
32.0,0.32,14.675777387988932,0.6706357321000131,-0.5122300171551168,11.886502459789183,-0.05850999758205548,0.6650064082802326
33.0,0.33,47.17929198544465,2.684358976661466,-2.4857165440618934,29.26429089317746,-2.6291599916852317,5.644493478086263
34.0,0.34,16.806513803270423,0.29262255243159957,-0.34432313194234065,12.340850889077224,0.050545774106915825,0.8058560278850927
35.0,0.35,43.628530740955874,5.4882799799117565,-2.108443890300225,32.61030467236557,-2.2647563024042157,5.7666920095399155
36.0,0.36,17.082699221373613,0.7016416867930086,-0.3640313601774196,15.565775250186572,-0.06209370552062333,0.7362396426506972
37.0,0.37,44.37111171111853,1.833162285269958,-1.5777228888647243,32.82905048128796,-2.667764862851737,5.503786465170568
38.0,0.38,17.772372557670188,1.097181917355765,-0.7492987718476655,14.20124271308144,-0.18217153327106075,0.8924249420264617
39.0,0.39,46.285956742810704,1.265844099274452,-2.4637923745027566,32.32678072200719,-2.5868352018103202,5.8821338364690305
40.0,0.4,18.901113031450578,1.0674189376578258,-0.7635072435640317,16.908720765271042,-0.1945712129239461,0.8288031676521406
41.0,0.41,45.41469284211916,4.012744788447437,-2.4500289557929458,31.945736001786496,-2.3726000241969945,5.575377798978377
42.0,0.42,19.06964665408857,1.120138715820388,-0.48984652085822533,15.9942686302478,0.0019343257330511488,0.9304461420660993
43.0,0.43,42.344686107928425,1.6976190583852884,-2.2995146940526805,29.11077934154687,-2.2221573131114685,5.622735276594403
44.0,0.44,19.347945129520078,1.1649475884047322,-0.5713980081735215,17.48315940920549,0.17607257718063715,0.8965529505802616
45.0,0.45,42.48604450376082,2.9558457069428323,-3.2800610671501436,31.96445634033214,-2.1131954453917277,5.742029039364852
46.0,0.46,19.051765966125497,0.9787212144403834,-0.5461568990621423,19.11884156361062,-0.07963045051416699,0.8629949349761148
47.0,0.47,45.77831011230718,4.798972574992459,-1.7521217964600388,33.5028570387632,-1.8077108446230552,5.447489674542939
48.0,0.48,19.32872165286531,0.8762203483290208,-0.47059474440883464,17.235337701689744,-0.012492747489267044,0.7856569752982115
49.0,0.49,44.32422794870371,3.1865812712430692,-1.937653444194642,32.180297780192404,-2.0796246392604703,5.567452825351067
50.0,0.5,23.931470825637017,1.4504371589349312,-0.6818972394103295,18.19807579546224,-0.19351535082181584,1.042781436554791
51.0,0.51,43.577918874090855,4.429349025994569,-2.7455852901541467,34.96425116987492,-2.4771638593793823,5.366311790456745
52.0,0.52,23.17876101769843,1.2560960328352777,-0.01787915381992387,17.609199048752807,-0.0687691477106938,0.9580282305665252
53.0,0.53,46.86493071147359,3.6937710043772167,-2.5293721866098715,37.30759908861993,-2.1754270574383674,5.207459128799722
54.0,0.54,22.41410856826676,0.765628934141103,0.026896269292903376,18.751566857556405,-0.22299134079342237,0.991309067664792
55.0,0.55,43.68893219485802,6.193624755726432,-2.7247653879288696,36.11299349714539,-2.755357444150318,5.575694733924464
56.0,0.56,26.320885545715655,0.9338109553516093,-0.7283302877601121,21.17881723575334,0.10452000003058623,1.0830782364683804
57.0,0.57,41.22926548466111,2.8961951247431377,-3.0741388673337062,33.406817435736706,-2.664142147935724,5.760574294495906
58.0,0.58,29.950443493649455,1.2325269499016636,-0.6816193068481826,20.027983558313394,0.0850927516782674,1.0543954515394074
59.0,0.59,48.68541573991967,-0.2144830040133604,-1.099149478388817,34.48164350579482,-1.7315121823561368,5.446788211430641
60.0,0.6,24.02516811325703,1.8883842533136388,-0.48799338255357694,23.266208074857673,0.03300678116488383,0.965813920112444
61.0,0.61,52.5142926180045,3.408873291184917,-1.6748369010310127,36.61172745577408,-2.120812987304783,5.298554786203316
62.0,0.62,25.751760036949836,2.2568014126378784,-0.5556094164872961,20.377517091363295,0.4285186960750056,1.1700247931696142
63.0,0.63,44.58472156209736,2.2474258304919603,-2.789784958760767,37.9691571898847,-2.3028923432442703,5.410276666075278
64.0,0.64,24.51860764849273,1.5262481800924768,-0.6575101003773478,22.017387254988314,0.14337329261349227,1.0878694585191655
65.0,0.65,45.17264972830423,2.110328980203336,-2.636086950460138,38.72437001989363,-1.691261317978423,5.404467699273506
66.0,0.66,25.225666020261148,0.5970800176673919,-0.6736030999864159,20.129520743002132,0.2852549642534692,1.2494742739104312
67.0,0.67,44.26636055773236,3.7588537584811252,-1.9199740406017844,39.86174837971742,-1.8070732994409227,5.5345759019444545
68.0,0.68,29.420087248814134,2.436741655219657,-0.6092691762650659,24.546046873042425,0.14549939995954764,1.309505457841474
69.0,0.69,41.09937330934014,3.2112858872123877,-3.5048445032556073,41.96520672202247,-2.144871315823345,5.5624021811691495
70.0,0.7,26.53046392308288,1.924139603386472,-0.7905753730637117,26.3184032991966,0.12249971793722349,1.3116579629592728
71.0,0.71,51.87125365331888,4.252807646765034,-2.712671589886096,43.83980857970326,-1.3352343195175274,5.433710166227291
72.0,0.72,29.141668402599233,1.6131800917899302,-0.5284436216828464,27.48615279610301,0.0034833796661160516,1.203194814595357
73.0,0.73,44.315477283607265,3.872197210752326,-1.6943302067198696,40.49947462100953,-2.8927577037051915,5.425968254034773
74.0,0.74,27.89708513756292,1.7188134827294834,0.10551906038865429,25.196470249399724,-0.08699373583462323,1.2971904366161284
75.0,0.75,52.67740501847159,3.2152150599892355,-1.611253208951004,38.89726300762688,-1.7659819553264737,5.505560106434081
76.0,0.76,32.67569960786026,2.5497545369234174,-1.2509572679597731,27.591212978624203,0.4387470898480968,1.5278389261881213
77.0,0.77,53.57715883721411,2.476684655912133,-2.2316738842983694,38.60533633441368,-2.428534412300578,5.280147566149883
78.0,0.78,30.765554621621362,2.9700077378402874,-0.7995152613037954,30.36932473897678,0.33233039230482725,1.345105092508129
79.0,0.79,45.81313772708588,4.430145851434255,-1.7387670521830985,45.822670350178235,-2.5232219265829143,5.287180324309503
80.0,0.8,32.12350172412405,2.350321796051296,-1.004242401718622,27.825287903833065,-0.0941187286834176,1.5139302666794285
81.0,0.81,49.39542514782881,4.751116582092718,-2.0061898479603886,40.778802122953024,-1.7298040071263212,5.147904725251972
82.0,0.82,30.4594937356055,1.6033677508634077,-0.8784844681906343,30.47901150715304,-0.03522087607441194,1.3032480764144139
83.0,0.83,52.60689251536731,3.459201002897273,-2.503322520716673,42.30315211892131,-1.9998569433900202,5.433194774345077
84.0,0.84,30.15743839898931,2.2905316896261465,-0.8592619319486173,30.332559336602962,0.22540464264219245,1.5199429729462641
85.0,0.85,48.34910838146889,6.54520046031784,-2.28042667800622,41.345968238429215,-1.8915215196327908,4.854429875369294
86.0,0.86,36.055936208866186,1.3024339358395467,-0.1530449333502084,29.822991461738134,-0.062486362485316194,1.5854433625741173
87.0,0.87,46.615039358127966,4.749350370993757,-3.8928933056130255,44.803636939849696,-2.518373517840084,5.42216700416731
88.0,0.88,31.555521878618272,0.21828637053250466,-0.6966315762442366,31.37317940188533,0.23383422834189174,1.5727773312652968
89.0,0.89,54.762500074965786,7.619686429342302,-1.9632345074107715,42.26985589091364,-2.2281300167765954,5.657951142552315
90.0,0.9,31.056200196133055,2.2728329034726595,-0.4276537380852463,32.62695780813563,0.014242342498864925,1.4922662531290996
91.0,0.91,48.861746361318076,10.229042443548762,-2.4299098138003083,43.27661448921711,-3.3605735751437744,5.491076125252829
92.0,0.92,30.24287626125475,4.152972537485982,-1.2030503584940562,32.75158924906628,-0.20498363287868904,1.5185526109837826
93.0,0.93,44.404148935422114,2.9026474713960306,-3.0574235644678804,43.921109560869006,-1.6620652007270245,5.405001830690025
94.0,0.94,34.03202042530259,2.193995982090722,0.2120400899448869,30.49923904366696,0.1928418897766673,1.7292281763578137
95.0,0.95,49.71195393807243,6.226721713384151,-3.222848574438395,53.92816139193715,-2.1635311362493836,5.334875385806557
96.0,0.96,35.796097575641085,0.95208286215082,-0.5243269456478453,32.834565145559,0.2230811891881182,1.564593849736512
97.0,0.97,54.99087256801099,-0.4408139246447801,-2.243349480702197,43.258888734931645,-1.4814739501923102,5.256084054407121
98.0,0.98,36.85054246335227,2.022074945823397,-0.7188832909271653,34.89372920910073,0.22058991486979604,1.8083780006922872
99.0,0.99,57.697953644935126,3.234175313052493,-2.5559545920017626,41.08169998723307,-3.206299867324952,5.230528333574822
100.0,1.0,31.579872460563767,3.1994914250013204,-0.8455415916492022,35.47459601023676,0.31454322838253357,1.7337813703926372
101.0,1.01,57.360957591210415,3.111906033515804,-1.7963056304453067,51.28461117311511,-1.077111825987069,5.22296108255697
102.0,1.02,34.80836380800594,1.7417172465801374,-0.7352422637479133,36.207594581572,0.4196199971012455,1.7013829081955794
103.0,1.03,42.78648136185813,4.6095880191428735,-0.3950408145065282,47.44365720621522,-1.962103833863795,5.264992296486741
104.0,1.04,38.872411534315724,0.14739364784989253,0.33420798782306066,38.02679489037633,0.17327340265744037,1.8338167720578111
105.0,1.05,54.30099152542423,13.393095808236062,-2.759034250308928,51.22582620851383,-2.357657489410235,5.067881286757455
106.0,1.06,37.110024932634985,3.9100013908177873,-0.40514069648404566,40.84432366429165,0.15362964139611657,1.7138111088473849
107.0,1.07,57.33250450591807,5.145783505880184,-1.237852905063628,48.96568935911332,-2.2360597190630647,5.357342105716647
108.0,1.08,41.647536327908725,3.4184201088652837,-0.19272058757881064,39.0603137606014,0.4297327812919149,1.9683479137369724
109.0,1.09,52.923657756661356,9.603234610247268,-2.6863370557707413,41.93786214452966,-1.7437679700649822,5.023331202264156
110.0,1.1,39.245277017145135,3.554009828231997,-0.2526861215373225,39.470913722533524,0.8571517526091842,1.945195520112474
111.0,1.11,54.75907843912041,3.7627624692227895,-2.0919339099782506,47.90288725224983,-2.084137005772686,4.810031017167829
112.0,1.12,40.51595823120738,0.7525952487031584,-1.3176512606450175,41.294107295189306,0.8983295736976861,1.9505937987036441
113.0,1.13,57.831669083457385,10.855965415744045,-1.7370422175533866,45.07545778442048,-2.2975321879860098,4.766162984244876
114.0,1.14,42.34857531712195,0.9892648478019879,-0.8717657093862315,39.01906437963933,0.15182874321186898,2.041766391267934
115.0,1.15,55.456413840929855,3.4502413288622287,-3.9368779993955267,52.82333179732695,-1.6641652999657808,5.123242098876081
116.0,1.16,42.29288606468389,1.9194813927849297,-1.3411407065841792,41.65775619686872,0.6223046511745357,1.9740583648931938
117.0,1.17,61.428626560513656,6.699926754783728,-2.2099453530172433,49.429225501848244,-2.4183736936845985,5.074151417634505
118.0,1.18,48.94431514891395,2.3390258070292425,-0.38260327644999226,46.51865434292469,0.614739660266583,1.9665579648756755
119.0,1.19,59.02354256948871,9.046496973780506,-2.3351589088599254,55.11564419663992,-2.6147119534118244,4.7100247516925995
120.0,1.2,39.12230824451417,5.080078847255719,-1.1308505196851635,43.60969166951178,0.47600397654583465,1.801362281226835
121.0,1.21,53.019098013133906,2.297901862407175,-2.9657099837850613,54.023053712990695,-2.472641808895762,5.444621135197733
122.0,1.22,41.99643592340859,1.7585580248923398,-0.07308511982010968,42.26575279990103,0.8521057947912343,2.326415723050751
123.0,1.23,52.508750452679145,2.200134176713389,-2.741975076258722,49.51143006404753,-1.8124121551155903,4.796901249126319
124.0,1.24,38.17794852609833,6.082300075565287,-0.6994392735370176,46.084104847806,0.3131003367466987,2.045018408579241
125.0,1.25,55.740395859042884,7.651710407598515,-3.770788185163486,51.94455865026945,-0.6229345047641072,5.173302044125416
126.0,1.26,44.90555517074052,2.7556389129853236,-1.0073116037352898,43.74615168056226,-0.039459953291993845,2.1928772775167196
127.0,1.27,61.987658700183964,16.904591435271197,-0.2763871085646943,49.909835073286054,-1.4124982945086824,5.630100084558197
128.0,1.28,48.50056753708415,2.21970589353242,-1.1947074300209535,45.45592681476058,0.8880911397140238,1.9836296309124122
129.0,1.29,52.435085071198834,1.9743224928603358,-2.550753728290462,57.862553271141316,-1.30825181200084,5.426537848147174
130.0,1.3,39.809438586658324,3.8815341987468983,-0.9583993675027487,45.283072178535754,0.38848069482905984,1.927921632680181
131.0,1.31,49.47505440904958,-0.09433733778162977,-2.2550086867822823,54.77723402084196,-0.52302956422402,4.68075923327333
132.0,1.32,43.98941743742443,1.0403721190020478,-0.3383649992894005,40.39749472280214,-0.46684760021167443,2.439641006341341
133.0,1.33,47.20269394000152,4.210566573415275,-3.9696743045497813,55.671293409003944,-1.3634650700703455,4.949329960283475
134.0,1.34,36.354277071756684,9.035469166385068,-0.008772478552337624,45.122972921175084,0.11222524928496483,2.396925502082097
135.0,1.35,54.03177441669848,10.694757466532957,-2.749647689403149,54.44794654516268,-2.3087115664146083,5.211835988808201
136.0,1.36,42.62991372571202,11.722465243570017,-0.4084840393396438,49.77655393692138,0.38990892453793896,1.8241596938983224
137.0,1.37,53.78183500722717,11.390673096397837,-2.1602754988240225,50.35695577991984,-1.772117329005584,5.064944354025123
138.0,1.38,34.54869106650791,3.4929670324574342,-1.0343999306979856,46.927391632351856,-0.0037433807418155492,2.0833917864764278
139.0,1.39,57.374999279385776,3.7995533671389974,-1.5953617299258718,57.2531575995838,-2.02626583146733,5.165344497095231
140.0,1.4,37.906665031148215,10.5590202648189,-0.5834318959648314,49.313418906878134,0.9418236978315906,2.5564065378748135
141.0,1.41,56.21758100239094,8.30420131512424,-2.473827024637542,47.80572912217097,-1.7514543122077113,5.734167380739482
142.0,1.42,50.84509853571883,12.615004020650105,-1.2474899058753026,50.62360495528953,1.1290177643631774,2.3831128426235324
143.0,1.43,60.244248466766976,9.746397543118059,-2.476447088365431,59.91176696024653,-2.1195472049697615,5.164545498306788
144.0,1.44,43.309900222314646,4.733525723272682,0.192196476808103,47.317037732980744,0.017556817158798987,2.028331591996842
145.0,1.45,52.85250237286401,4.763713393061735,-2.8983996347976353,60.49338170707857,-1.1997054518933479,4.769954589244467
146.0,1.46,55.616233857905556,3.9273635878462763,-1.3102414708475543,51.462000082944684,-0.237834466973355,2.27288750476382
147.0,1.47,49.683601176176374,11.4650295160909,-2.6471788150037234,55.01044031828734,-0.36671285243741436,5.048957204517954
148.0,1.48,47.8736477356569,1.6892449476470897,0.8454901748394384,47.00106345856097,-0.5573499931228417,2.2249967290180535
149.0,1.49,56.084564120108176,9.16475841642905,-4.049156137167778,55.03290093489553,-0.7596841747838734,5.5104616873420715
150.0,1.5,51.25207777853937,4.89521778352241,-1.0512633650879877,50.01314305619731,0.36588779863461923,2.1673621961377947
151.0,1.51,71.4123112326745,20.43180933708613,-1.7373423685011509,58.6254486228883,-3.0060933151333504,4.585338999773332
152.0,1.52,53.31821752146703,12.005091353878175,-0.6242768492117903,51.57558492499738,0.1305922537891483,2.4849369000978085
153.0,1.53,63.2542576800709,1.6141944737190712,-1.5922280708676337,56.93848830262209,-3.198074312655148,4.661116946611073
154.0,1.54,55.29404840391516,3.831885979322152,-1.182122359228954,52.27890951365871,0.6764815164690255,2.869861126613481
155.0,1.55,59.235458565260146,6.473623964985163,-3.660331141512686,59.161477429109496,-0.4684437531505296,5.57157700746707
156.0,1.56,51.93630648345442,5.810596333264877,-0.9386849622195905,52.52132915380828,0.2779034777668682,2.328431363241735
157.0,1.57,52.864294677392785,15.357289371240796,-2.7703374660328697,62.30332570774492,-2.423458927249774,5.1332694213156564
158.0,1.58,61.48415035863387,6.367439808014508,-0.9521611827656647,61.622318138905946,1.5552933853782742,2.6383280557815794
159.0,1.59,54.38168848328843,6.687316602001781,-3.3574909339613455,62.79751912204015,-2.0132864791384324,4.803183437282768
160.0,1.6,48.07652600193358,4.795750047925769,-1.157666739647433,58.31806556050795,0.8503823935651516,2.6614760041513907
161.0,1.61,65.35112303996651,18.091439870897453,-1.2153397884986559,65.5236403305049,-1.1826876700538445,4.983526915337975
162.0,1.62,45.231362140011974,4.055309037502145,0.48428323229852777,53.083936667585604,1.4340418841857197,2.83688281598887
163.0,1.63,63.75928259825084,1.385652220050258,-3.5557749155188114,60.02992443392265,-2.826862452055268,5.017286829322184
164.0,1.64,47.09043053343168,2.0232011581611324,-1.6196719066581333,57.48774303054263,1.3460584884508875,2.2830049923827955
165.0,1.65,62.001772913902656,15.196787789714175,-3.4810357411439585,55.268597746561504,-2.6162289993274794,5.533349895224264
166.0,1.66,55.53255487521738,0.9110441007350243,-0.41713220551981806,59.43429831971456,0.07263904254755657,2.4573071804572377
167.0,1.67,53.07800819813709,0.10046284916761648,-2.1133388210842194,63.43414707853631,-0.8161090265734493,5.159835828197766
168.0,1.68,50.26334978612077,14.246953149390388,-0.7587181821270778,61.41213226039294,0.8288710780710454,2.7114071169006735
169.0,1.69,64.02845073655291,4.2318148631442405,-4.751038955432707,64.2378400134552,-2.8204750418146856,5.074661882057865
170.0,1.7,43.24819533289828,7.221774631670279,-1.6134453669802304,59.63086124226958,0.926280152707579,2.8461529463329818
171.0,1.71,58.02807190153723,19.12107378350758,-1.9093647294802736,57.351228968011085,-1.6913735597960704,5.023933048799557
172.0,1.72,55.080435066645364,0.4853100485307422,-1.082151812880793,60.22315383417677,0.9510459567764971,2.2076849831366254
173.0,1.73,67.17852319914627,10.221663755506265,-1.597670773934934,71.18807369492703,1.0906470532305081,5.200158101451186
174.0,1.74,57.1092130339587,12.71376954920897,-2.126002129713819,57.939637537142154,0.30313385566876766,2.632006543066456
175.0,1.75,71.64716207177948,9.266307329983754,-3.2349797267766744,67.97381737128411,-0.690680578742469,5.24499491942572
176.0,1.76,49.091583543385674,0.3230502799758597,-0.8027643256809097,59.403526961587595,0.8380089516763207,3.0391013063113173
177.0,1.77,61.02248464098818,8.493608814501725,-1.6651596367032429,52.8416631098621,-1.7134996469923078,4.746542017240217
178.0,1.78,58.70959674421084,9.365839544680336,-0.39006824380165706,65.43179878989051,0.8705012569054398,2.775467630460543
179.0,1.79,66.58263060756464,12.940288978018259,0.35385018248267774,71.53815119487234,-1.187335926194556,5.17944022439848
180.0,1.8,59.50502522538028,3.9388816568151994,-1.8675496734871764,65.48960133571325,0.7258603183366013,3.020473034245199
181.0,1.81,66.13426725043277,3.6199354664688093,-2.2005395632550475,62.448113804599295,-3.2422819849531974,4.994971504364996
182.0,1.82,46.67265471464003,7.7957362424062255,-1.08677879922902,64.98076831961605,-0.5903221963374026,2.3576917426798216
183.0,1.83,51.746795724379794,7.11968504447682,-3.164322365975002,60.42454471358421,1.9354328624702546,5.102615432265683
184.0,1.84,52.196810933355195,16.0152872493388,-1.2405913744418025,68.64600724451425,-0.16355981687617926,2.38362271709784
185.0,1.85,64.88330959134294,12.075705512641457,-2.2033470910668704,73.04710675488357,-0.7368154493787823,5.332040141383833
186.0,1.86,57.50900501818558,13.784106636713908,-1.6449347110858894,69.1342308695954,1.4153239075458575,3.0548686742780404
187.0,1.87,57.64492542054404,5.782162116213431,-2.36459322395063,65.61998563297693,-1.3099066359700025,5.01403994929789
188.0,1.88,57.239754809228586,17.50200288167476,-0.6367657945868987,61.472403554633644,0.4920292231830614,3.3369098008000764
189.0,1.89,65.17566842040836,10.449650519605399,-3.8806311043332276,65.56644635214477,-2.560001043604247,4.066473725417943
190.0,1.9,55.59163543708027,0.7556209391291624,-2.022779936068241,64.80142056786805,1.3204958210674704,3.1271716214845617
191.0,1.91,67.89219460871662,10.685240755024724,-1.6212489894305415,71.71603030887343,-0.4328280697245717,4.834211275963016
192.0,1.92,61.51293602414494,4.089194859681729,-1.4299133741252665,62.05042169393614,0.8217153903273502,2.6627205993903895
193.0,1.93,59.374584197981555,17.583629622647976,-2.555490294067632,71.63059472977109,-2.409140670154889,5.319072060558646
194.0,1.94,62.06580089894646,-0.3650821247252266,-0.9427389994184453,67.35953640918419,1.207425185135078,3.0679801558706337
195.0,1.95,49.85243518353063,13.799019600280348,-2.6913147877075274,68.75524511316416,-1.4405281784788595,4.921974439737007
196.0,1.96,68.51968764515327,-2.0232554476339293,-1.7971894373814707,67.23727701048021,1.0810318371360015,3.053826897931643
197.0,1.97,71.18294768424497,22.885732276551202,-5.257271674316779,65.74892075161695,0.4062644278963086,5.106897409478035
198.0,1.98,56.67787629249456,1.7002392701330098,-0.969101635715951,60.4103852291966,-0.3500669177131927,2.625075983202565
199.0,1.99,52.98163882089244,9.166450937616492,-2.850919512962223,70.92164660478146,-1.2986372598313085,4.758383402250761
200.0,2.0,57.81740261402946,4.200771657300401,-3.0949437202541823,68.60817509771267,1.427075413518999,3.332873430614284
201.0,2.01,63.36387011099715,6.0268160285914005,-0.1751598565414782,71.81430117135436,-0.9840783729432625,4.639971243531894
202.0,2.02,77.65085939802036,4.540319229024523,-1.9851589238700849,71.86765552530557,0.9010550739977606,2.7281691009463396
203.0,2.03,60.469312137078255,9.373633051287507,-4.136161938338654,65.52247027270134,-1.736538793898224,4.955607150107978
204.0,2.04,65.50020868454662,12.907927545420602,-1.8258420471298575,72.71782332874744,1.263427064072977,3.053221866374866
205.0,2.05,81.80187994151872,14.805645999985336,-1.7509833817929623,61.12619550647795,-2.6043898270477954,4.081232314952037
206.0,2.06,55.45652561355166,17.85874125820535,1.186469408641558,70.43513744353945,-0.7785705337140428,2.571349303594789
207.0,2.07,53.563509270023395,-0.2573453086655785,-4.064072964594714,83.21747603291332,1.3083072774897613,5.0221291261504595
208.0,2.08,58.41087622934776,13.78010684982317,-0.37577878067129306,71.30767937075417,0.5818396578078605,3.102498542793418
209.0,2.09,73.11617215282493,17.094655283303343,-3.5749955355479397,72.76677743733906,-0.7579962707315543,5.540844502356856
210.0,2.1,62.83779088391141,18.722836863303325,-0.28275167936065887,84.69287810134837,0.6844109906595448,3.344937094539782
211.0,2.11,64.11819427044736,5.871113809260107,-4.672855036334544,76.28811364416129,-1.0098102901677453,4.995768181253745
212.0,2.12,72.29196047934234,-0.09113192071089124,-0.813605398160553,76.56408911284672,0.10846637935966623,2.9033148236998505
213.0,2.13,72.27257659484471,17.653561453631497,-2.9720203988164275,75.75688578668574,0.2488087498679989,4.924824614595828
214.0,2.14,63.763890137665996,6.0144261299408,-0.9446926595944363,67.74422627870021,1.2015111685782949,3.112577179927772
215.0,2.15,72.08093886017123,11.642428686722267,-2.700333321361869,71.00130455380847,-0.7436046110503863,5.020005970124907
216.0,2.16,62.01742636045764,-0.05921786051674581,-1.0639975660887626,76.51628916962636,2.4816536583320445,2.900261488185541
217.0,2.17,57.63378070055405,16.441294841326183,-2.6181886662923137,65.84671349539477,-2.9305445040808094,5.139039634238577
218.0,2.18,64.84280319111872,10.627741891576125,-0.807450922554298,75.80008576239354,0.7566079847571444,3.078165319495945
219.0,2.19,81.77719055828096,6.756333596848961,0.5431311522275273,64.9996606736893,-0.4235777184742393,3.980088231441537
220.0,2.2,75.41567321498925,12.732387626863783,-2.6614333214826633,78.02816080835663,0.6686823052739932,3.500274398453888
221.0,2.21,59.16426696486802,0.8725592232142617,-2.66691558525736,82.58856986978712,-2.3717264321067653,4.01395851632829
222.0,2.22,64.95732505509073,18.31944423668682,1.1485475268654548,74.20433226558087,-0.08486341345801668,3.642217992639372
223.0,2.23,67.74100999838139,19.12705537930033,-2.2098567305011083,74.63139445848385,-0.6820924794947715,5.351383613523401
224.0,2.24,69.27010360970168,0.8696848804190502,-2.328133103036991,87.91055342901412,3.119695524294878,3.0351060904975675
225.0,2.25,79.21188080630519,15.305447612418384,-3.013699217259491,75.54800138483918,1.9004132109843952,4.711404698330927
226.0,2.26,56.49205045876203,5.460863432076969,-1.2155911296518862,76.05625334281319,0.2835055346134687,2.942040377349673
227.0,2.27,83.59000600184635,8.55372378010157,-3.5464765285216076,76.19853008511679,0.12300651176000583,4.904046587227191
228.0,2.28,68.47461921914642,18.59480883350329,-1.4882403925430219,70.34122082848664,0.8446335544061351,3.5177921226664806
229.0,2.29,72.56224280188397,13.235050827572744,-1.8703761054551435,74.13920147842111,-0.09742304853885182,4.839223009428089
230.0,2.3,86.00259644716358,14.386026993814024,-2.0724949705740947,83.88704863401388,1.0211999699349228,2.7614139149340193
231.0,2.31,95.54827093393547,25.949318808824586,-2.9720611267724557,80.01782832268943,-2.8155539548958344,4.370405782565305
232.0,2.32,62.85643598638269,4.131241511858042,-1.961424884563217,71.48647878263836,1.8628643522626056,3.3399808116127274
233.0,2.33,79.71468954834077,18.481258331683375,-3.232063222303965,79.92285168713539,-3.6732390981330587,4.70673361995364
234.0,2.34,82.29717745054003,3.238718230371984,-3.6680609870390084,86.24665769351559,1.4123927807133738,3.02280788807784
235.0,2.35,78.3411058164845,6.046447430474011,0.2670929094539455,71.257212131917,-0.29809552375681564,4.3928462116047475
236.0,2.36,91.0538683128362,19.105942110951236,-1.7487189817414939,89.52636759426814,0.29709265702593934,2.9763248577857193
237.0,2.37,80.39750712068233,4.690008764266188,0.31541295668188835,96.18541391638675,-0.3881660441980956,5.210077844403351
238.0,2.38,59.73294895547807,12.589137969851755,-0.2904330361863798,74.3092804120367,0.7042351808619436,3.616905842787495
239.0,2.39,79.81596243559933,18.855459715244127,-3.3548329558094516,89.97807446677925,1.681161011736574,5.022945361364535
240.0,2.4,80.07660965355133,4.43947054881119,-4.020189815512441,92.2397889341258,0.4448679344037495,3.601051760377571
241.0,2.41,83.9110146867379,15.412401808610332,-5.393534755787288,62.08096045284948,-1.6541921079244828,5.184930000150061
242.0,2.42,84.67807196228955,13.839631035460604,-0.2579303065905033,87.27584512366347,0.824791201054133,3.3311984978269313
243.0,2.43,84.65871051596147,2.8920228252718476,-3.3061114158158182,78.60841758339696,-1.3762153046389414,4.906761171045219
244.0,2.44,65.4943521592235,5.626128647214431,0.1773873168124118,74.90252234897832,1.2432629481957655,3.933550808362223
245.0,2.45,64.878937671209,8.15804651569438,-2.4495978890057173,84.51069134752413,0.17749415190103035,4.873170218466817
246.0,2.46,86.41548226463136,-2.2170940042834077,-2.6333100920166155,80.80698397782862,1.3243804531700063,3.0947962808409755
247.0,2.47,76.49247270884601,6.95506559610273,-1.0994906629382482,84.97222209939153,2.849075292900552,5.166143483893938
248.0,2.48,63.22596728530813,23.051782551170646,-1.0473069073621757,83.02799400939797,0.45972359587920997,3.7501767617854247
249.0,2.49,87.31007115164759,22.084425461431373,-1.3557779098220597,84.40024569011314,-0.0857366968576275,3.984666527850577
250.0,2.5,75.55906120327559,4.9232298344352445,-2.8960675349402027,94.85466380664994,2.267466431418477,3.5731271653034504
251.0,2.51,67.49078942338647,11.15393457095914,-1.899015644862843,82.77522481956709,-0.9289994105833942,4.8375045903489235
252.0,2.52,72.96098292553016,15.585470626117562,-1.6187403903479458,91.72095451208567,-0.5711087684434448,3.7029468491492707
253.0,2.53,81.6357999499987,9.98682483214326,-3.367814137414709,70.42490274356626,-3.817319432480677,4.557778699225293
254.0,2.54,59.88303271022554,26.649525984334478,-0.19717355144303894,87.70586014004648,0.8870113452460914,3.8876170471085096
255.0,2.55,79.83231656015982,22.285724962060694,-0.02153830766995526,74.7105951112289,-1.5427361267384452,4.521297827986286
256.0,2.56,108.5836295898434,-0.8976634798015396,-3.1083597556247473,83.58495463106608,1.8111546111119343,3.622082181101283
257.0,2.57,61.62398976354204,1.281061905999569,-0.978983077362917,96.75565958481448,-1.7854241110773832,4.929259055097959
258.0,2.58,79.64097934637091,19.081328887793468,-0.004031572674390996,105.73210335860347,0.5294455457047191,3.872209986246689
259.0,2.59,58.99990477654007,17.036707912735434,-0.9390802736551663,80.37660680064202,-4.049401593541599,5.49169139291849
260.0,2.6,77.92393469043053,4.520702608368482,-1.354738005331437,81.20946112617969,1.7977036805846105,3.300768439029632
261.0,2.61,93.58789194055281,28.938295882085352,-2.7312962681834643,87.97239832319583,1.1491139540286528,5.310793555838944
262.0,2.62,72.25712667758958,16.448422226684603,-2.601628653012299,91.8929221007247,2.009794656425556,4.113106556277892
263.0,2.63,100.4076067731771,7.985300815448148,-2.496912698497132,99.9115815751942,4.1884732555855155,5.182323723856487
264.0,2.64,75.23211330333285,-2.818803821926814,-0.30924441622712695,94.77538020275126,1.5509369758483547,3.1888460588319423
265.0,2.65,73.16917708445324,17.83406281695386,-2.5275888399619917,77.1503863049286,0.5476870566387096,3.609556254156159
266.0,2.66,59.72026889626313,18.340962342424948,-3.128099583268367,99.50324047104472,0.9092319495048031,2.900982260590609
267.0,2.67,85.33318793006778,17.57650998836958,-2.634447076504294,74.8335169963751,-2.3250001290915856,4.5376782861100144
268.0,2.68,76.08574008742794,19.508961333008287,-0.3081093324050482,85.82315494449983,2.2295075813049223,4.2189849391984255
269.0,2.69,75.2078570394715,32.512117878122254,-0.5598701867383349,81.04941538158025,0.17086685189927414,4.078804101782186
270.0,2.7,70.53780876960886,19.357879188379368,-0.8104376530617716,86.47813381988051,-1.2706365609164494,3.469840283354474
271.0,2.71,119.39151362974418,4.1265107700334385,-3.9008230890000846,106.81530272439805,1.637009869395111,4.1774571961148625
272.0,2.72,80.35392079820386,22.878942011437854,-1.605909001268047,101.77908679374696,2.0770398697073427,3.2111794085275633
273.0,2.73,70.38165606345258,19.44350581449742,-3.0701331841685837,89.56332232455618,-2.2406422348440036,4.8570845925588495
274.0,2.74,74.38532767525504,17.309374747257124,0.7153798556597972,85.74940183407665,1.3628606532535774,3.565216667875931
275.0,2.75,111.74899751296829,22.17182843225309,-3.844136460571401,101.30363362055746,-2.490936224132823,5.141232474541288
276.0,2.76,74.35832852310008,18.979228391853425,-4.77364029795401,92.28505267281122,-0.295059728160756,3.876531321019156
277.0,2.77,80.37966569685865,32.471421117005846,-0.8414931811632037,86.84762357124399,-1.1792896101370927,4.869667141203746
278.0,2.78,70.02183691357045,8.68159162715052,-0.7806618043344967,96.25288493966754,0.07693790435118021,3.9726713681172994
279.0,2.79,77.7312814187645,-1.357567787442736,0.6977679725327438,93.42794789670525,0.4182544333637832,5.134533168026234
280.0,2.8,69.57896479171987,30.448220047919676,-2.8173048346179064,97.91483465103738,1.435830326789249,3.8703099297787675
281.0,2.81,65.07974389039381,17.337476093419582,-0.6987075192678687,84.71226851762111,-0.7993931395241313,5.243290593184989
282.0,2.82,78.61891230327807,19.858634409255025,1.891223517062323,78.69853263665466,1.5507923475527685,4.821046652150048
283.0,2.83,76.41262220098498,8.630259102545356,-2.2540943003952925,85.04732891798162,-0.8983295182749707,4.551321827643441
284.0,2.84,102.4117727449419,22.16602275718527,-2.7356882028651417,102.34763824403355,0.1784143387202777,2.7514192029929263
285.0,2.85,94.47189307714457,21.905101676313304,-3.357888138236993,89.45911145994594,-0.9092970150222434,5.177104743964213
286.0,2.86,70.40804875219224,17.708567700627587,-1.1826381438323896,109.56518160383422,1.1671935283064188,3.9057969789879885
287.0,2.87,84.97454196075986,13.723899212695724,-1.912682061007927,83.53381865076923,-2.425765657864852,4.607829537937753
288.0,2.88,84.30198505929418,12.04478109062364,-1.7685903818010755,89.88625107641546,1.3897681414811796,3.315834819790265
289.0,2.89,64.65665026082436,4.341574782954381,-1.3839799425666426,94.64514741770718,0.20146720231658397,5.01781198255309
290.0,2.9,81.49897638702011,27.420898913992687,-4.268176066321562,101.33055208415047,2.1855329125762175,4.611213647050324
291.0,2.91,60.497531162108274,-5.2066018696085274,0.7847611465437446,96.70427927647768,0.815822232744519,5.957128454416677
292.0,2.92,97.66367662434016,3.082929507999867,1.234521963196656,98.28390062955768,-1.5117415860146708,3.0188369158218658
293.0,2.93,97.63913390693492,32.70400654915925,-2.77075832993563,105.02733178713363,0.48056377201567313,4.558100746089499
294.0,2.94,86.32001230431895,41.199854081246656,-1.3950595714117713,105.2340803131388,1.1459381987276043,4.258804606484534
295.0,2.95,85.53618535650259,31.988362438434503,0.9645763579015761,80.6242199263204,1.5827021037964721,4.387459586054632
296.0,2.96,98.50916743368539,6.360547971244147,1.7745859052033572,94.56083634953612,-0.4794473954153095,4.495074140668101
297.0,2.97,72.8132991372077,15.318086403157839,-4.500619121720522,73.52437924168952,-2.2469255198484994,5.0317493109457185
298.0,2.98,93.95392917593425,23.454152760415322,-3.7464353457993584,100.30074585073453,1.285154037744975,4.3842295687549
299.0,2.99,84.81940917596553,15.491084948658003,-4.121063345197928,94.93885729214375,-2.451042018929939,4.607822925304564
300.0,3.0,87.96506445198668,2.2996420005998237,-0.05283216885073867,99.63673654877557,3.1108905614590237,4.300557499525348
301.0,3.01,82.83182155296954,16.808210945075196,-4.104033683905649,84.70080250127042,1.191081107586462,4.143376507350036
302.0,3.02,90.56190764132073,18.61878211389692,0.6482687151590374,100.19393629414805,-2.2395296540089404,3.422996973532098
303.0,3.03,99.65148931966749,43.216015077570326,-3.3492365009465987,110.38706106174237,1.885229561499999,3.866241596576132
304.0,3.04,76.31736931429329,27.782748386310576,-3.306971028102063,97.13928123776687,2.031832717479258,3.9119185395118294
305.0,3.05,82.1932633203419,14.578186652431834,-2.174031370235113,110.39135732476667,2.700914878443977,5.457042187547003
306.0,3.06,62.34971393721067,12.1150330787695,-1.9553609294136876,97.86714408318038,-1.0486466513901438,4.110175933297347
307.0,3.07,79.25873347080807,12.012145916553788,-0.8008857513949527,92.65996673756132,-0.4513021336213458,5.5101507956905245
308.0,3.08,109.49428019577098,13.495865195655094,-2.7771249650183685,98.59446004319271,1.9313493308166216,4.826003887775357
309.0,3.09,86.564322097741,24.944482582583557,-0.2916889948369736,102.31443967675044,-1.477616478226546,4.851797749013961
310.0,3.1,86.79710578887293,15.984009026200335,-2.0143541610702105,103.14262618408243,2.3601449908475414,4.788917165647213
311.0,3.11,102.12101360020839,17.591801451576142,0.11466782757719293,88.7378151753567,-1.3791242737250429,5.217088348561929
312.0,3.12,86.19084409543444,27.125486685425887,-0.302009628690658,107.9627935266547,-0.5610423182839792,3.6959140941378683
313.0,3.13,133.1177677247338,48.198741184254,-2.9363584209214166,98.56294497573985,1.4169480431420098,4.318295127288209
314.0,3.14,71.58568675222277,30.315681782279345,-1.1601248334315506,109.88293098405782,1.6239355180498622,4.248866905042052
315.0,3.15,97.86632698360496,22.028312089772584,-3.7755164236523306,95.7106197018625,1.246239752637151,3.776236270793229
316.0,3.16,106.04953814771342,3.7813728876052983,-0.40975120583008745,108.94571951638893,0.536143187379937,4.74764806611083
317.0,3.17,83.55406617414039,14.810156000454965,-5.113693582456009,104.67075350776128,-2.156781260570605,3.8760482513980694
318.0,3.18,85.75730869108894,9.89106782119571,-2.3454498439634452,108.21890542926677,1.14173935252049,3.5976611635684512
319.0,3.19,64.47967963690475,30.591423599666975,-3.61078064511944,97.8442969040411,-1.252634695461627,4.804181930026632
320.0,3.2,100.81018371444834,5.583151314875308,-2.352648937131297,94.33736046404974,1.3825188913202393,4.3143502179451625
321.0,3.21,72.05433415289724,8.222418672864501,-1.0139399503596578,91.38287705349953,-1.1367662776311824,4.187601767811424
322.0,3.22,67.46993786947341,39.77412832648772,-2.192143268628098,117.65831354836972,-2.4202914260008455,3.974098055113483
323.0,3.23,86.3618616807007,36.44583084726127,-1.406854002467871,112.69129384088771,2.1114328873354693,3.784027963158786
324.0,3.24,89.01032683259301,26.424699191653534,0.27141171790421004,104.75310706238113,3.761585133234264,3.5722381863138666
325.0,3.25,90.20374938757695,23.47619038192585,-2.6878509216704716,104.4825442822209,3.6890533583056158,4.544401050010002
326.0,3.26,84.84112268407364,-4.488462103375616,-2.889317382481961,102.2887404019585,0.5849663091932061,4.449351677025032
327.0,3.27,82.85735102461486,17.39972855859211,-5.768130297294596,79.02143716625088,-0.5937523161157738,5.086611748968164
328.0,3.28,73.99241959366582,29.183302372839293,-5.357818835150967,107.75011402262021,-0.17843932269116827,4.657871872474749
329.0,3.29,94.18755154657183,18.998094571759953,-3.084979487727373,112.45410552439944,-1.7701905558278586,4.692966924666082
330.0,3.3,116.64191191739977,24.056315175139535,-1.3200997859268009,112.34581540739175,-0.6906710712923037,4.68142938592076
331.0,3.31,88.85903655290268,10.339769014041549,-0.7603928264071792,102.0029815502913,-3.407409971519162,5.052071695478215
332.0,3.32,107.79262174199485,6.827460971688102,-0.5578272998458974,103.95223634047916,0.8380247517694418,3.2891769090577
333.0,3.33,97.14012823501389,27.235260049741576,0.576214470624877,85.25637544454989,-2.810572878515715,4.540178221907014
334.0,3.34,84.59324181130845,36.93356515971147,1.885146268890818,117.44367792889919,2.105153783599402,4.5352015162472235
335.0,3.35,96.45746972581766,38.88194826780985,-0.7630496059690275,97.35663993831834,0.4402469876228141,4.584726899422323
336.0,3.36,99.48681053884215,15.95034889039911,-4.232197440028226,128.04211439113786,5.345880680559069,4.48149638967706
337.0,3.37,79.36485533424091,-9.097781181566933,-1.3162400551162252,94.22647049260436,1.2757791538305485,4.104585367498905
338.0,3.38,106.68441834185475,0.02878149749955407,-5.786854126885259,104.66260097252233,-1.4314085268094894,4.393770871873353
339.0,3.39,57.85832848004499,21.280285938375552,-2.777598878925293,96.45763605773995,-0.4127368513528764,4.5745502870230945
340.0,3.4,66.90596457381261,38.06461062577197,-5.438775885299233,112.34853724145964,-2.0021446616435075,4.582439970380903
341.0,3.41,83.36450055754567,13.098631679645331,-2.8869112163887345,108.86734731653299,-2.35612471601397,4.346774363510213
342.0,3.42,103.2932483037189,35.11943780310144,-0.8171036923208249,114.7360916426051,2.4392803335252564,4.582274992825538
343.0,3.43,89.49494627271748,7.845214770095889,-2.819399256715398,108.08980510823257,0.027554794847020878,4.032664176791263
344.0,3.44,107.70971122043963,13.936664578111445,-3.154631590664225,121.13132157972834,1.9267543247809298,3.569541620479474
345.0,3.45,111.73608880087258,31.519057666547262,-3.026002527320884,95.4834112275232,-2.67824842008147,4.8911477992285635
346.0,3.46,83.36481780418974,43.81291660564032,1.6482095189306936,111.64311088901593,2.9059307337341904,4.264359935816015
347.0,3.47,106.8282857034092,42.14716982232052,-2.3952215147961398,92.04752625482666,2.6182224877300495,5.222948565275529
348.0,3.48,88.46065137466327,22.173533389610977,-5.350088006182051,107.67078905480007,2.949494431683356,4.374223158243436
349.0,3.49,106.15943872310571,-2.8917538788422186,-3.493275265897016,111.48013149472042,1.975917750277076,4.511937124441984
350.0,3.5,96.45375828893143,6.2937779468915585,-3.267955785576223,113.64120105759059,2.21746598174691,5.130013469405917
351.0,3.51,95.51893526395837,29.450769386897,-5.276754585674366,96.63263495617558,-0.09716877051461861,4.347496575521377
352.0,3.52,84.52629882214377,10.411050592575164,-0.8017708999434199,116.29722156470783,-2.9934786291083975,5.3500941720285144
353.0,3.53,75.80592429973913,33.08309171255606,-3.5897525272642703,110.64678561323437,-2.032815925672858,4.4265597048756025
354.0,3.54,102.25848587439796,24.310102024591632,3.3088824490293782,112.32343570330586,2.037613256222333,4.121593307829694
355.0,3.55,94.14741140601838,20.925253311127555,-2.300550295561312,106.10151196596391,2.710604652804471,4.811145709767318
356.0,3.56,121.73764824582418,14.645556029098332,-1.8072480868648613,126.42636314732184,-0.18886937615849536,3.878335609627814
357.0,3.57,96.53111002536447,1.7837657656592134,1.1541284115221493,112.84034462159157,0.5611113808152014,4.025112665552052
358.0,3.58,95.93416221017118,11.59179426139336,-0.060780069990494026,140.26045972652875,-0.010665418158120919,4.21173267203429
359.0,3.59,100.94353890464535,42.99441486939907,0.6894774289972757,97.46407421493527,1.0498448344734448,4.8521540314085865
360.0,3.6,93.87603363474527,38.31438349601244,-1.303469350513396,118.90479671609965,-0.36522553436707894,5.292835174544053
361.0,3.61,105.02676040004995,43.95356140083445,-0.2836390726539081,110.13452258618408,-2.2507001903388564,5.51780988167246
362.0,3.62,109.4976663594049,7.637822709726807,-3.651353311513785,114.50644248113251,1.5657929255792407,4.060283835062703
363.0,3.63,144.03398047110994,21.742041520624856,-5.887433113459775,111.4250619507694,-3.52861873685158,5.085905181386382
364.0,3.64,100.35684404634374,8.04930752794765,-5.531333521616597,119.33425332331554,-0.2873701214990249,3.2210094276472194
365.0,3.65,93.86930909966519,34.08111985053587,-5.477067822873699,112.36707931274815,-2.9536337447337555,4.01482830903952
366.0,3.66,91.005767570687,45.85460096778542,-2.5162779569743656,113.24558575613968,0.01251314944098548,5.121156935029813
367.0,3.67,84.23161638434911,45.5041492917629,-5.571692319557463,104.22694136581946,-5.828254571091184,3.9373807238142002
368.0,3.68,87.30185947213731,36.846497926491054,-2.0205759033840818,123.2424563170909,1.59632741477226,3.9983158724061334
369.0,3.69,96.90296723766588,8.8287968367118,-1.5908784096762236,114.87595616514547,-2.476113377666831,3.303763845285121
370.0,3.7,84.14111689447094,11.392631973232726,1.6366733289479891,123.43024531272916,1.8839025434067969,4.524784711715979
371.0,3.71,106.49749074644372,6.3475290785348415,-3.7364439008144807,110.3176013251097,-1.5722721548375511,4.168812281484787
372.0,3.72,95.5473900627337,19.05623109178558,-2.984126279256744,148.6942352668783,2.641811905550056,5.04420819526792
373.0,3.73,108.68216583644134,36.902598984517276,-1.7807626784163366,119.52245684004177,0.925298938807304,4.599002705254863
374.0,3.74,104.61651281340072,45.01275074266951,-0.8454309801885684,122.77736106987643,-1.7590491998559723,5.949704669399051
375.0,3.75,105.85727856263084,56.95385508269091,-2.6877716265592952,106.30425389679397,1.1519992661849212,5.838818540222261
376.0,3.76,88.66566807287631,19.941112377560366,1.1150099273874192,121.0287852089045,-2.861351954631663,4.307362710818627
377.0,3.77,85.12973094141158,4.942093636699572,-1.7821206760361243,114.97177615345231,3.5725919260452788,5.590458513909623
378.0,3.78,93.90569035979057,13.166214494111276,-0.820975687585044,106.02979454631857,-3.076876367182762,4.22901809260735
379.0,3.79,70.09166798612559,17.965006108140543,-2.8037234912755276,126.91994783584879,1.0355753847949327,5.16104690699603
380.0,3.8,86.01130316610016,20.796145041533887,-0.0959684382827648,120.65500927415539,-0.4719839466149658,3.752845758356827
381.0,3.81,75.40477666698752,33.64903356662458,1.385943468815015,109.80190689338451,0.6984004549357744,5.572517098406331
382.0,3.82,94.58105512455012,40.50630872764199,1.7326153939929512,135.98904240426305,2.0224692069410946,4.391761812593495
383.0,3.83,99.97720280976844,30.02960018400243,0.41392798427730454,118.98303251252295,-0.23939742461240401,4.576492834167409
384.0,3.84,123.77492636824292,5.943782660001853,2.1274383178886564,120.70544483912704,5.241692638132251,5.300648404516598
385.0,3.85,131.28905130157696,8.080020551892167,1.9205276730462273,104.03369634635497,1.4507389929020114,3.714795363118601
386.0,3.86,121.38418218708894,34.445987053591296,-5.3664194203796445,121.03499739503725,2.541301401262807,6.051720081567421
387.0,3.87,113.01552175713343,22.53478762548922,-0.2841647697472697,114.62659816861077,-1.6085352591833715,3.8939052682385547
388.0,3.88,96.53410276845533,19.173832725922615,-7.184722513107381,124.44423541592124,-2.6351992112745783,4.864166699480936
389.0,3.89,114.52755774541261,53.996049594781,-1.9566027707084324,111.6370344597252,2.4296997669952227,4.267478464814751
390.0,3.9,101.12506087578635,42.97443569283168,-5.117830611402233,133.23057615090667,-4.644429742843693,3.977953020897189
391.0,3.91,113.5061328854664,49.225837396710766,-1.8250850156385288,110.67652406338286,3.4391172382747737,4.250385312861766
392.0,3.92,107.54956836322013,-9.769954352242816,-2.5101948707983786,113.71026733457963,2.461312787882687,3.443683491847959
393.0,3.93,97.99918278570618,-1.086114339690919,-4.599362299935924,106.3642053732756,3.5698934886636646,4.748997961191433
394.0,3.94,109.51019939610121,40.51661844075716,-5.424155548377114,114.57964405153821,-0.06805288252573788,3.8697161790532317
395.0,3.95,120.12253745976847,41.92150159214368,-2.2800964051728236,108.82952043655568,2.45822032735221,4.517819733604445
396.0,3.96,94.78069935756217,39.82011637376646,-0.5911723423777742,121.04302725246303,-2.9720090097856984,4.468939793362655
397.0,3.97,78.3228781468208,25.797432272518954,-1.3509924070151018,116.06864115288617,0.03298456863046692,4.927015106113254
398.0,3.98,82.48851858839743,41.50905832402722,-1.5894024585781066,131.3942421979231,-1.7441742279699926,5.2932729878409415
399.0,3.99,74.71790336891628,29.757108242172144,-3.058057786801523,124.27821407165024,0.8670623663082508,5.4282038775325665
400.0,4.0,115.0407454095048,-1.238249915484129,0.2767198550342315,140.78667029040565,6.1707639834179995,5.632579921189219
401.0,4.01,93.50089839915455,-5.760705379399769,-1.7320436717532122,123.33415340546982,3.217744347961089,5.12726392864037
402.0,4.02,111.61951954919314,18.90976317118763,1.535671698210103,127.86135530240415,3.1641567465683127,4.985289956938184
403.0,4.03,102.7351380462939,17.52050664044186,0.48228877550981386,111.4370750045516,-0.36551757915615934,4.941499037713746
404.0,4.04,125.84161327062151,8.109926036497349,-5.142311295107438,116.53649347537062,-2.906290835692392,3.963582929885568
405.0,4.05,117.45188652782791,32.48582010780999,2.0583651601015416,99.08281126782191,-1.5405437146838952,4.712236078640853
406.0,4.06,99.33758315087118,59.296181256493064,-3.287751338228992,124.95458592961234,-5.8383620971451515,4.131952308272602
407.0,4.07,103.41669681587489,47.94042490113386,1.3433080386907796,125.24392619935261,-2.755584833528152,4.528630693465552
408.0,4.08,87.82489205118036,45.46981722273808,-0.6873292027878232,142.4279655419776,-3.004457100191945,4.379151722019968
409.0,4.09,108.91920977936509,1.1545801811533398,0.5899429207992363,131.84629297922393,2.0707464929933734,4.382288247595278
410.0,4.1,118.20371061430467,5.34581381915156,1.9043850912096245,119.12933944376493,2.118426760112381,3.5634513924086995
411.0,4.11,134.4654649527182,42.87182499272303,-4.564012266548613,123.25703821890959,2.1972336193785718,4.797732428010262
412.0,4.12,103.48053038251255,41.829531949118575,-1.8725137283487248,157.8407360797431,-0.226553348641928,3.8280997148636025
413.0,4.13,125.53163700323353,35.67436044447787,-6.117543741281196,103.09462585191085,1.4171293431879552,4.839650867756889
414.0,4.14,100.50305354267896,14.778469831637866,-4.055887161956876,140.49137993498047,1.218790506769875,4.729698637467004
415.0,4.15,102.40981268760538,42.37217253052785,-5.1933426206388384,110.78724638058655,-0.5265409981941817,5.703735388659774
416.0,4.16,93.17494085717266,36.39108366116351,-3.450615293752328,129.45221271781602,3.3839629969256766,6.443837896825173
417.0,4.17,91.16201895757433,14.435942369646305,2.909221424023104,108.86148833784291,-2.314931150068971,5.906670901543461
418.0,4.18,118.26511828448719,12.224566100832584,1.9181207013224684,132.16268090823746,5.26774976895289,6.502794674009621
419.0,4.19,111.36095819227974,3.549261717375754,3.9608941155761186,131.50512491340425,1.5350066604688144,4.585941059061446
420.0,4.2,132.81779346302866,57.56296463466176,0.7109164035822013,144.02434114306348,1.707796470737043,5.265936435928202
421.0,4.21,77.78749652187736,32.94126301985222,0.9555245129015679,123.39932052163304,1.927743921070476,5.048124778484232
422.0,4.22,105.08709738531637,22.19537730746654,-4.607242758817609,124.70626611386754,-4.432965628204727,3.598676317639389
423.0,4.23,122.9571305522909,35.538134143125845,3.4499913806120532,91.59221219032246,-0.2530921251974653,5.162823939667725
424.0,4.24,121.76732143689104,21.338781110239548,-1.6725978780940791,128.8637874307825,-2.5399312495116746,3.899390423269835
425.0,4.25,99.90933903331941,46.15756005631888,-1.8579500563230826,107.50976797913683,1.5638939468786175,4.596035021610882
426.0,4.26,77.98590871232284,31.55945711637335,0.44926986839765903,124.72577349647959,1.1541375838485521,4.071858840968211
427.0,4.27,105.38208440141743,14.15135547350069,0.42057565439498373,107.40582751177399,3.7803969324403237,3.837804108480302
428.0,4.28,121.86514654908682,-0.15805263412129872,0.6737354394959231,131.77757827161514,1.8105398719821373,5.764596746174558
429.0,4.29,98.88278533031705,37.29387735804906,-2.1879044281350595,125.864256788155,-1.3091091179620362,2.9224588806228238
430.0,4.3,134.39416816418262,38.03262264842098,-4.595062822567153,159.01822528655282,-1.4884241416388921,5.431551749508004
431.0,4.31,102.80180816452776,43.8596567309911,-2.983270482415623,137.21640905375344,-2.6846302793898214,2.9412136612926645
432.0,4.32,102.52435862709378,11.497388756596004,-2.74488986031471,162.4623162093564,1.2646026643706536,4.748603266516257
433.0,4.33,76.53196472355877,32.36751184113496,-2.5248106111758837,132.70327401749705,-1.3601264654545915,4.07128340812467
434.0,4.34,101.46973901082724,48.49265077677715,1.3976675855564085,136.79952281237692,1.1805986760278173,5.652273383298952
435.0,4.35,82.60008243441199,57.69146723962505,-5.744062568956583,151.9595445760204,-4.287931218187812,4.68910387611789
436.0,4.36,115.24132190565075,34.77121517983107,3.603495242957368,151.79896064555243,1.7254025042764005,5.0152040925084345
437.0,4.37,80.78722078569272,21.503294469288058,-2.5764727507013108,138.332523779949,-4.279189267543226,4.81751394352714
438.0,4.38,147.31314379823755,2.8410786235985532,3.8002071850347336,134.09347519060603,0.007967172616494938,3.6100671695790525
439.0,4.39,129.53928336079156,23.334771512457227,-4.809451612760765,146.79405324410783,-1.3934968481284546,5.266240552614901
440.0,4.4,128.00285284012827,24.59640340238804,-0.3843397965054496,126.61471925708753,-0.7285246166006107,4.644987481770231
441.0,4.41,103.74414007391528,36.378820889458815,-6.701306433894882,157.86477079129105,-5.939016756690179,5.751405265497288
442.0,4.42,106.50122412466715,22.495673886756535,-3.804865177048079,147.20523896494228,-6.542790698216391,4.819697785790631
443.0,4.43,174.28269368877923,55.42053390114897,-2.5844993472510818,146.8353170709703,-7.03749100933255,4.7441504237181595
444.0,4.44,102.83364489318687,15.476560725131735,-3.9904171437913525,119.42711687412348,-5.716106518903791,3.9588534461079714
445.0,4.45,136.07090235623176,80.59023680014384,-3.5400112862183577,138.50713113081767,-5.628039311846145,5.385954637078174
446.0,4.46,99.62377814954165,44.62469405089809,-4.273010222353889,126.78912071853891,-1.690699986025396,5.140190767815043
447.0,4.47,117.34107157093541,39.566918721678284,-4.424864368229598,126.9594330027607,2.206080374848844,5.027525243591763
448.0,4.48,110.71174273936518,0.0851733326834408,-4.736102671716318,144.3216829229731,2.1417071801387526,4.435335564681927
449.0,4.49,114.5618024076079,50.78139282900748,3.2447582355875237,132.0104856648096,2.884410255404135,4.546401509034911
450.0,4.5,137.45000918019448,39.525198211072784,-0.6018457067973878,157.42595683273018,6.983659849263433,4.157955203845397
451.0,4.51,125.42620870732479,63.90044543535937,3.914686196964428,125.51272896727197,4.637473906218029,4.519470515943239
452.0,4.52,116.47165493596104,29.388166222365314,-0.46510214389686677,147.19566888997292,3.675130673417962,4.515558579301114
453.0,4.53,112.78836160382156,47.4609456359819,0.41814906903966026,131.47117694016913,-1.4232474405707771,4.225348740551828
454.0,4.54,182.62316408162621,27.443025113927845,2.0782313517523394,156.5748351797808,2.932938269477778,5.662196473208439
455.0,4.55,108.27017116234263,56.96033501981215,-0.8004034449340084,124.56990580487695,0.37182989339261924,4.3933944837987715
456.0,4.56,125.36909664131392,80.04336999898791,-0.017664527182185395,125.16874612764687,-1.5562513743747546,5.240512769187646
457.0,4.57,100.51169858033263,35.498699565082696,1.9934569784427525,122.29687047641795,2.8649116739564904,5.19275593198523
458.0,4.58,112.71843652953369,17.940654997125623,-0.597534932481151,144.91972190296372,0.11464059776810956,4.606796500399107
459.0,4.59,104.09924053778794,21.443978577372416,2.5347193680701374,118.96712711192191,3.8506260116943394,4.351807540408043
460.0,4.6,128.84280656068816,32.75687165465927,-3.1328334591134377,151.55907936888812,-1.3714985506151962,4.41618407769598
461.0,4.61,112.35402444421595,21.285920158237982,0.194519618215991,132.97631580077848,4.741967766661344,4.414269445818263
462.0,4.62,135.17308065773042,40.842415978310775,-4.60267246279018,138.9846827964491,-5.6465885901048765,5.228051619487242
463.0,4.63,121.2725145688346,37.07163112151389,-0.48207422682662393,124.22467426989274,4.389887022032046,3.9336862860779584
464.0,4.64,122.57828537854697,33.02008649692089,-7.838370115309469,134.80105020100544,-2.286813744400708,5.093366426190642
465.0,4.65,127.26830436515779,37.043041504626,-0.23789405704295444,142.71334399064847,6.814380752446535,4.4475501169766325
466.0,4.66,149.47159058491798,27.21449825328964,-4.95076750559612,167.25877926668448,-5.368077141870219,4.08053512490201
467.0,4.67,139.85611332090335,72.19306793589946,0.8679693853552033,121.8394689874037,3.856487237936735,3.7183477171388613
468.0,4.68,139.86668397702618,27.612298863577262,-4.807221886435961,158.10035732018923,-1.8199284351091762,5.377247827863255
469.0,4.69,112.22721486404706,20.797439451965978,-3.837505109340539,145.53212775056224,3.112650182282909,3.8336306858723863
470.0,4.7,126.44247056924776,17.459935451973728,1.0628160655604957,137.87468329362494,1.1141161588287272,5.572833887150007
471.0,4.71,116.27530646519902,48.58001569924723,-2.417191425613729,126.75843186830123,3.6108064048071618,4.119026428751705
472.0,4.72,139.00959774954228,43.89943608783691,5.362823156542988,161.52990276548795,5.086385051547133,5.512851700733095
473.0,4.73,140.05710511702762,51.25953530344952,-0.0743245773971925,123.8455847308982,-0.13446417055264817,5.235058311487553
474.0,4.74,146.0156424958402,51.9625550307437,6.856278329204715,154.43414444120387,4.190054598160473,6.187040255631571
475.0,4.75,124.98177687816013,24.23486174078308,-3.0711103868867378,142.83534669257597,-3.9409940242124497,5.276314628465513
476.0,4.76,108.93521644442615,29.71854259909782,0.8292312252436072,147.78492244653236,-0.19356612597467734,6.676630928145697
477.0,4.77,101.51557821100145,20.94510165141198,-5.971061823222096,120.8407996785103,-0.2932909912016253,4.617030798649211
478.0,4.78,156.73078404613904,23.017554145703187,-2.707679205317292,143.16152463026785,-1.7238939982912944,5.24943352346319
479.0,4.79,111.01184944598022,55.20882828169583,-5.95439941771722,123.7658600506566,-4.41804130040721,3.559178911884831
480.0,4.8,130.3694820207682,43.47586021726154,-4.230325637938764,131.507301026867,-0.5722368075512073,5.070960874653177
481.0,4.81,92.14720307224422,19.376916281560703,-7.214895660421208,111.15226586551786,-7.515600539201197,5.861718683329228
482.0,4.82,109.63769714085232,17.54935794403534,-2.5357133849944313,137.03465996047032,-4.586258797408648,3.5835727507158373
483.0,4.83,81.73678908090243,41.493770041922744,-2.959637185817274,153.98832748051422,-5.0333564485733815,5.213829143906817
484.0,4.84,117.0022215296684,31.68409636209307,-3.127993264114314,152.65728956329113,-1.7748074622851893,5.005480817209253
485.0,4.85,106.20156888404061,30.764888355379608,0.1248304101109011,163.5391277750868,-2.648508930149189,3.4096148424292703
486.0,4.86,142.42404294310455,47.049303830122035,-2.082972844957053,153.22306344202008,-1.348738179537398,4.800740508914699
487.0,4.87,128.3806470564889,58.85879122877544,1.480541265656883,146.9656443130064,-1.2921273056454783,4.71305102522458
488.0,4.88,128.56244106094385,28.971838281175156,-1.4957874175290093,151.50163188431335,-0.020611265644992115,4.574934907017899
489.0,4.89,146.4944289506697,22.68493602206737,-0.4307093649115427,154.65925014777764,-0.5585368698215954,4.616452888687463
490.0,4.9,122.45353748605449,8.791128179846407,-3.4128438112357125,163.84999938968514,1.3152698096810074,3.7885588348568833
491.0,4.91,187.54474875044812,61.49960619560254,2.8702426551655855,119.2357861707837,4.580109871573351,5.061002551402987
492.0,4.92,154.812287691231,20.501438860358114,-5.795956194209131,156.2136812267908,2.516614762086449,4.241232435482084
493.0,4.93,135.3554291216264,45.40036568846803,-1.433944371871586,140.0774464432563,9.257455312800733,4.984452458160469
494.0,4.94,126.2817265257382,42.49257064350278,-1.6243762752205337,157.02239822469215,-0.3125427105518268,4.4133668957524135
495.0,4.95,119.78198529493469,68.33023920050499,1.149039747824136,139.36577552669965,6.907342050755666,5.739859064364454
496.0,4.96,111.74661411557665,73.52792105840601,-0.8859416638262149,157.50553037940102,1.854444620164643,5.682711781549414
497.0,4.97,111.28854335357914,40.4209421202675,-1.0564514643267027,128.5607678199155,2.9569464309271587,5.15402606875198
498.0,4.98,139.06012035789215,42.74764809885885,0.5981197366144008,147.81764261779233,2.6113706129133947,4.47301627497869
499.0,4.99,113.31284070951517,35.854110891678204,0.525775491657224,137.8177669826113,2.7819506619390286,6.174571307516906
500.0,5.0,114.5059941226351,31.579378832941927,-2.072857230238639,166.83384448625205,3.538468048463236,6.649099018686822
