,0,1,2,3,4,5,6,7,8,9,10,11,12,13,14,15,16,17,18,19,20,21,22,23,24,25,26,27,28,29,30,31,32,33,34,35,36,37,38,39
MaxAbsEStateIndex,0.0,3.486111111111111,3.6754166666666666,3.7574914965986395,2.125,2.2743055555555554,2.3134722222222224,2.1805555555555554,2.2318055555555554,2.2558985260770976,2.2743055555555554,2.201388888888889,2.298611111111111,2.3541666666666665,2.4054166666666665,2.429509637188209,2.318611111111111,2.3741666666666665,2.4254166666666666,2.449509637188209,1.5,1.5,2.3331747606449986,2.0,2.125,2.2118055555555554,2.245694444444444,2.2083333333333335,2.295138888888889,2.3290277777777777,2.2037037037037037,2.2407407407407405,2.2037037037037037,2.2407407407407405,2.261574074074074,2.298611111111111,2.2739197530864197,2.2114197530864197,2.4097222222222223,2.335648148148148
MaxEStateIndex,0.0,3.486111111111111,3.6754166666666666,3.7574914965986395,2.125,2.2743055555555554,2.3134722222222224,2.1805555555555554,2.2318055555555554,2.2558985260770976,2.2743055555555554,2.201388888888889,2.298611111111111,2.3541666666666665,2.4054166666666665,2.429509637188209,2.318611111111111,2.3741666666666665,2.4254166666666666,2.449509637188209,1.5,1.5,2.3331747606449986,2.0,2.125,2.2118055555555554,2.245694444444444,2.2083333333333335,2.295138888888889,2.3290277777777777,2.2037037037037037,2.2407407407407405,2.2037037037037037,2.2407407407407405,2.261574074074074,2.298611111111111,2.2739197530864197,2.2114197530864197,2.4097222222222223,2.335648148148148
MinAbsEStateIndex,0.0,1.0,1.09375,1.1111111111111112,1.0,1.2777777777777777,1.3333333333333333,1.0694444444444444,1.105,1.114795918367347,0.4565972222222222,0.9900925925925925,1.25,1.3194444444444444,1.355,1.364795918367347,1.25,1.3194444444444444,1.355,1.364795918367347,1.5,1.5,1.0747004913076341,2.0,1.0563888888888888,1.1501388888888888,1.1675,1.062175925925926,1.155925925925926,1.173287037037037,1.300925925925926,1.2551851851851854,1.2742592592592594,1.2285185185185188,1.2386167800453516,1.192876039304611,0.7546296296296294,0.014629629629629992,1.4281481481481484,1.3672839506172838
MinEStateIndex,0.0,1.0,1.09375,1.1111111111111112,1.0,1.2777777777777777,1.3333333333333333,1.0694444444444444,1.105,1.114795918367347,0.4565972222222222,0.9900925925925925,1.25,1.3194444444444444,1.355,1.364795918367347,1.25,1.3194444444444444,1.355,1.364795918367347,1.5,1.5,1.0747004913076341,2.0,1.0563888888888888,1.1501388888888888,1.1675,1.062175925925926,1.155925925925926,1.173287037037037,1.300925925925926,1.2551851851851854,1.2742592592592594,1.2285185185185188,1.2386167800453516,1.192876039304611,0.7546296296296294,-0.014629629629629992,-1.5264351851851845,-1.3672839506172838
qed,0.3932132102438689,0.3714914223317165,0.47829817223429855,0.5086480217633857,0.36298363927122324,0.5097018693565522,0.5093902212262768,0.41409086809263257,0.49004916524427206,0.410006209278147,0.47424630091483594,0.5647334091641918,0.39593272740048246,0.44995278767265373,0.528866095482775,0.43948464355510775,0.415670171679936,0.47086218093472104,0.5504696144422425,0.4545241900066892,0.43022371589508335,0.4690652561945544,0.5950013332455758,0.41233572422042236,0.47230594821712363,0.5575179529498776,0.46492512321346935,0.4869997051513422,0.5807006768498627,0.486236013699545,0.4695195862595072,0.6249998449769057,0.5150900011486723,0.560801996248139,0.6258112404331719,0.4761358793397962,0.495659411399743,0.5963974342145791,0.6415602397023896,0.6262352932550231
SPS,0.0,6.0,8.4,9.428571428571429,12.0,12.0,12.0,12.0,12.0,12.0,14.0,11.545454545454545,28.285714285714285,26.25,23.4,21.5,27.75,26.0,23.454545454545453,21.692307692307693,32.0,30.545454545454547,28.071428571428573,8.714285714285714,9.125,9.7,10.083333333333334,10.11111111111111,10.454545454545455,10.692307692307692,10.5,10.666666666666666,10.916666666666666,10.941176470588236,10.75,10.8,10.285714285714286,10.578947368421053,11.25,13.846153846153847
MolWt,18.039,46.092999999999996,74.14699999999999,102.20100000000001,74.14699999999999,130.255,186.36299999999994,88.17399999999999,116.22799999999998,144.28199999999998,130.255,150.245,100.18499999999999,114.21199999999999,142.26599999999996,170.31999999999996,114.21199999999999,128.23899999999998,156.29299999999998,184.34699999999998,126.223,154.277,196.35799999999995,94.13699999999999,108.16399999999999,136.21800000000002,164.272,125.195,153.249,181.303,139.22199999999998,201.293,161.22799999999998,223.299,263.364,325.435,119.253,263.385,277.327,208.29
HeavyAtomMolWt,14.007,38.028999999999996,62.050999999999995,86.073,62.05099999999999,110.09499999999997,158.13899999999998,74.06199999999998,98.08399999999999,122.10599999999998,110.09499999999998,134.117,86.073,98.08399999999999,122.10599999999998,146.128,98.08399999999999,110.09499999999998,134.117,158.13899999999998,110.09499999999998,134.117,170.14999999999998,86.073,98.08399999999999,122.10599999999998,146.128,112.09099999999998,136.11299999999997,160.13499999999996,124.10199999999998,184.15699999999995,148.12399999999997,208.17899999999995,244.21199999999993,304.26700000000005,104.13299999999998,248.26499999999993,259.18299999999994,183.09
ExactMolWt,18.03382554809,46.06512567608999,74.09642580408999,102.12772593208999,74.09642580408999,130.15902606008999,186.22162631609,88.11207586808999,116.14337599608999,144.17467612408998,130.15902606008999,150.12772593209,100.11207586808999,114.12772593208999,142.15902606008999,170.19032618808998,114.12772593208999,128.14337599609,156.17467612408998,184.20597625208998,126.12772593208999,154.15902606008999,196.20597625208998,94.06512567608999,108.08077574008999,136.11207586809,164.14337599609,125.10732483608999,153.13862496408998,181.16992509208998,139.12297490009,201.13862496408998,161.10732483609,223.12297490009,263.15427502809,325.16992509209,119.08889790008999,263.08889790009,277.11406362609,208.18113485008996
NumValenceElectrons,8.0,20.0,32.0,44.0,32.0,56.0,80.0,38.0,50.0,62.0,56.0,60.0,42.0,48.0,60.0,72.0,48.0,54.0,66.0,78.0,52.0,64.0,82.0,36.0,42.0,54.0,66.0,50.0,62.0,74.0,56.0,78.0,62.0,84.0,100.0,122.0,44.0,92.0,98.0,81.0
NumRadicalElectrons,0.0,0.0,0.0,0.0,0.0,0.0,0.0,0.0,0.0,0.0,0.0,0.0,0.0,0.0,0.0,0.0,0.0,0.0,0.0,0.0,0.0,0.0,0.0,0.0,0.0,0.0,0.0,0.0,0.0,0.0,0.0,0.0,0.0,0.0,0.0,0.0,0.0,0.0,0.0,1.0
MaxPartialCharge,-0.36885902728094044,0.07106332995365937,0.07392007608126204,0.07393033779892179,0.06746072022008485,0.07572364577342665,0.07834540303997779,0.0751265161506953,0.07798256547749856,0.07799282648857246,0.08289484099668312,0.10374050997588263,0.07842087489541522,0.07861989421534527,0.07862762476308557,0.07862762582475909,0.07820335482814392,0.07840237365359054,0.07841010422258497,0.0784101052842585,0.07883453791052904,0.07861696961281447,0.07888555471690359,0.16800659524307304,0.1682563113904172,0.1682694482335764,0.168269450029962,0.25249578414919766,0.2525059025573828,0.25250590392568856,0.2527162549456721,0.28833070478047435,0.2532698822310104,0.2888864071101636,0.2533042086405229,0.288920756814356,0.10488448641851733,0.16607186727153572,0.1086432253104868,0.24107456892971044
MinPartialCharge,-0.36885902728094044,-0.3577895664266715,-0.3575610143929113,-0.3575608648914774,-0.3333510191671373,-0.32452367656494724,-0.32364422287706013,-0.33114350386185687,-0.3309149687208029,-0.3309148190242364,-0.33048119359757455,-0.3271649832460718,-0.3284724798790241,-0.32626589332037076,-0.32603738341401567,-0.32603723370172194,-0.32847904273854145,-0.32627245652758285,-0.32604394662337527,-0.32604379691107765,-0.3235958474721969,-0.32360897459097243,-0.3235912782997064,-0.20778795451507004,-0.20541496991082456,-0.20512587364895457,-0.20512568185262114,-0.23718965034489334,-0.23718950023410307,-0.23718950022960514,-0.23441912983633983,-0.22987760300655327,-0.23022299172199998,-0.22563232677502537,-0.2296956086224262,-0.22510495490420096,-0.01984117725587557,-0.06189892582556058,-0.061975052643077747,-0.29647688973312397
MaxAbsPartialCharge,0.36885902728094044,0.3577895664266715,0.3575610143929113,0.3575608648914774,0.3333510191671373,0.32452367656494724,0.32364422287706013,0.33114350386185687,0.3309149687208029,0.3309148190242364,0.33048119359757455,0.3271649832460718,0.3284724798790241,0.32626589332037076,0.32603738341401567,0.32603723370172194,0.32847904273854145,0.32627245652758285,0.32604394662337527,0.32604379691107765,0.3235958474721969,0.32360897459097243,0.3235912782997064,0.20778795451507004,0.20541496991082456,0.20512587364895457,0.20512568185262114,0.25249578414919766,0.2525059025573828,0.25250590392568856,0.2527162549456721,0.28833070478047435,0.2532698822310104,0.2888864071101636,0.2533042086405229,0.288920756814356,0.10488448641851733,0.16607186727153572,0.1086432253104868,0.29647688973312397
MinAbsPartialCharge,0.36885902728094044,0.07106332995365937,0.07392007608126204,0.07393033779892179,0.06746072022008485,0.07572364577342665,0.07834540303997779,0.0751265161506953,0.07798256547749856,0.07799282648857246,0.08289484099668312,0.10374050997588263,0.07842087489541522,0.07861989421534527,0.07862762476308557,0.07862762582475909,0.07820335482814392,0.07840237365359054,0.07841010422258497,0.0784101052842585,0.07883453791052904,0.07861696961281447,0.07888555471690359,0.16800659524307304,0.1682563113904172,0.1682694482335764,0.168269450029962,0.23718965034489334,0.23718950023410307,0.23718950022960514,0.23441912983633983,0.22987760300655327,0.23022299172199998,0.22563232677502537,0.2296956086224262,0.22510495490420096,0.01984117725587557,0.06189892582556058,0.061975052643077747,0.24107456892971044
FpDensityMorgan1,1.0,2.0,1.6,1.1428571428571428,0.8,0.6666666666666666,0.5384615384615384,1.1666666666666667,1.125,0.9,1.0,1.0,1.0,1.25,1.2,1.0,0.875,1.1111111111111112,1.0909090909090908,0.9230769230769231,0.5555555555555556,0.45454545454545453,0.9285714285714286,1.0,1.125,1.1,0.9166666666666666,1.6666666666666667,1.5454545454545454,1.3076923076923077,1.2,1.0666666666666667,1.25,0.8823529411764706,0.8,0.6,0.8571428571428571,0.3684210526315789,0.45,0.6923076923076923
FpDensityMorgan2,1.0,2.0,2.2,1.8571428571428572,0.8,0.8888888888888888,0.7692307692307693,1.3333333333333333,1.625,1.5,1.3333333333333333,1.5454545454545454,1.4285714285714286,1.75,1.8,1.6666666666666667,1.375,1.6666666666666667,1.7272727272727273,1.6153846153846154,0.8888888888888888,0.8181818181818182,1.5714285714285714,1.5714285714285714,1.75,1.8,1.6666666666666667,2.3333333333333335,2.272727272727273,2.076923076923077,1.7,1.6666666666666667,1.9166666666666667,1.5294117647058822,1.3,1.04,1.1428571428571428,0.631578947368421,0.7,0.9230769230769231
FpDensityMorgan3,1.0,2.0,2.2,2.2857142857142856,0.8,0.8888888888888888,0.9230769230769231,1.3333333333333333,1.75,1.9,1.3333333333333333,2.0,1.5714285714285714,2.0,2.3,2.25,1.625,2.0,2.272727272727273,2.230769230769231,1.2222222222222223,1.1818181818181819,2.142857142857143,1.8571428571428572,2.125,2.4,2.3333333333333335,2.5555555555555554,2.727272727272727,2.6153846153846154,1.8,2.1333333333333333,2.5833333333333335,2.235294117647059,1.85,1.56,1.1428571428571428,0.8947368421052632,0.95,0.9230769230769231
BCUT2D_MWHI,14.007,14.489350501685236,14.50764735331403,14.508882154371841,15.245004922796099,15.333749517112345,15.343232866176573,15.26847713372061,15.271617954468152,15.271693000109492,15.279163196185426,15.27279430484954,15.312732071168488,15.333482559516181,15.336157209893447,15.336222380602637,15.302474034588748,15.32363001299777,15.326377334834072,15.326445055286284,15.372406840904873,15.354115759885083,15.355666448299404,14.87380045981083,14.90893005511303,14.915285523419353,14.915512771755306,15.121276235551393,15.12354518533682,15.123628278898892,15.14089098754483,15.14791643461421,15.131644786555471,15.138855694150836,15.148255048252965,15.155143142789065,32.21587480652377,32.216009005802576,31.183272005578903,31.20806034474683
BCUT2D_MWLOW,14.007,10.840990590774261,10.34924182809625,10.192657445100387,10.775995077203895,10.330035705182214,10.185009668970734,10.574479684462037,10.297506395259397,10.174567605873127,9.955883014304414,10.186170149421876,10.393584045238862,10.393584045238851,10.276475837363877,10.167994872214244,10.116766488620883,10.1020257493536,10.085707212546074,10.07475973702763,10.393584045238855,10.011908742566828,9.892002682755935,10.496296506018863,10.471663273007668,10.315888376595307,10.183624127121963,10.605421880029008,10.323204384984331,10.184482743602626,10.367481927677275,10.18736781827461,10.29725550529301,10.187813460424682,10.046259314574506,10.046259314574497,10.937638599144316,10.354018031374702,10.351709864711374,11.235876806567882
BCUT2D_CHGHI,-0.36885902728094044,1.3713229683095196,1.707920260633038,1.8163774197303881,1.8787205104203872,2.1564047337721584,2.2215758209658603,1.9701983534279253,2.02430154101906,2.0368787243426056,2.1908598181049443,2.059732163006427,2.19302533356999,2.230286010069422,2.246735375273354,2.2489188974658143,2.170670199703781,2.2082571897899843,2.2256815655730833,2.2281644445812625,2.3394179521014666,2.3036260329372906,2.3381223478602933,1.7802023144113248,1.8580561085843441,1.9286336612992958,1.9531521706372608,2.0345134301279386,2.0574099284267984,2.063326999712748,2.1425545277044993,2.207115812029015,2.132722569729908,2.1990138326809294,2.2519225279680466,2.2876871104871195,2.0487172378734764,2.2695784443883396,2.3905032648652265,2.428909290222597
BCUT2D_CHGLO,-0.36885902728094044,-1.4896180528474854,-1.768355918186949,-1.8872133799801323,-2.1416108093674393,-2.338335952371792,-2.3793436648322968,-2.200960917327178,-2.2262825343906205,-2.2301456154556734,-2.309977981184792,-2.231752378554623,-2.21290721686841,-2.2632356736588797,-2.282945000431288,-2.2854492720938913,-2.3268554742159377,-2.361282670365375,-2.3733269119470655,-2.374498613184547,-2.2743154465768174,-2.4367095488995614,-2.4571873161515754,-1.7732338421035225,-1.8430827758811426,-1.9116251352673845,-1.9506833047652365,-1.8977441598643754,-1.9530353483556588,-1.9814277749275897,-1.8698801296872687,-1.9787276095176238,-1.8590777883057845,-1.9727699033824384,-2.0224549932674756,-2.021754332998785,-1.9550875581607572,-2.0670667170897716,-2.224850348887234,-2.496726044762676
BCUT2D_LOGPHI,-0.4806,1.1328780631543198,1.7533312959630643,1.9443443531018751,1.731158935243895,2.0268168882582716,2.119825334792422,1.8323172526783622,1.9449503312702041,2.0147506424395747,2.153745717189211,2.0449489534270993,2.1081164834035864,2.1395326210490135,2.162358185896842,2.1707584576135717,2.114976762678786,2.141683567401806,2.1619219075232343,2.1697097402972667,2.2534153416241796,2.24106225558364,2.2955752469838897,1.7113593967873537,1.7407458782714562,1.8500434730696471,1.9729540555021092,1.861840894402254,1.9127872711513683,1.988054843961853,2.0224668862790143,2.1743160097687766,2.1002281161843004,2.203051008912777,2.2978557128699015,2.3302830881697605,1.9231917065319355,2.298707790310699,2.506195716268304,2.542390761743671
BCUT2D_LOGPLOW,-0.4806,-2.4778668410473683,-2.4943660789863356,-2.495065688035184,-2.271258935243895,-2.465585400022071,-2.4968308050730172,-2.3291305584463973,-2.345367975387785,-2.3463465140539888,-2.410188239614667,-2.3267983145126996,-2.3469490863285083,-2.395984082215233,-2.408798698645688,-2.409463472861739,-2.4308488838597473,-2.4688627041238917,-2.478160240672632,-2.478573042951057,-2.412139328804246,-2.5372282801151784,-2.551373109597088,-2.2459777746679603,-2.2959535100452957,-2.3139974208822456,-2.315175746488466,-2.330850803267049,-2.3464367266569988,-2.3473800450426716,-2.324823488011858,-2.3193100065206065,-2.2996654913645562,-2.294202702625914,-2.320131122358053,-2.314704927271921,-2.088024169359142,-2.035315297651577,-2.2952126612610817,-3.0579268400007735
BCUT2D_MRHI,2.134,3.792548982138763,4.21333140017116,4.346388130599347,3.865530023564796,4.305180650855098,4.434466823274548,4.062835656277714,4.285980741986589,4.378235101248768,4.57690047580024,5.127404024945847,4.4625367393814965,4.486020012929779,4.508065720571144,4.517695573302807,4.471585490803611,4.490538016823289,4.50910877892148,4.51766456127124,4.599106062592983,4.5863815802132795,4.666103625264653,4.826478242017648,4.828455414192163,4.829318035672225,4.82949813921588,4.757102148056937,4.759205290719882,4.759649488431745,5.0468577261183745,5.526143590701946,5.714123706997309,5.752809817005636,5.761531386118782,5.7842232890013525,7.962419158054468,7.9666980494218045,7.946831048663043,7.618835536133728
BCUT2D_MRLOW,2.134,-0.3613773629983442,-0.3678389526822133,-0.3680136751933535,-0.8491300235647965,-0.9210985086338285,-0.9279708185755258,-0.8679434489973249,-0.8701053659570623,-0.8701301793609221,-0.8761252817527753,-0.8835036444159907,-0.8773704980507305,-0.8953713978808209,-0.8974021081840388,-0.8974247153705277,-0.8944577698424576,-0.9118276568431024,-0.9137646621356171,-0.9137857307877649,-0.9044644048312636,-0.9361800664212103,-0.9373613774116849,-0.6710886209360818,-0.6931404392372625,-0.696930914012819,-0.6969890424789297,-0.6985594359066111,-0.7022897554816891,-0.7023466992885389,-0.6828257821536687,-0.6653960214354813,-0.6518746432026862,-0.6336078352876703,-0.6659983074410013,-0.6480928475438181,1.370473035199464,1.3177362103815768,1.7154810244161072,-0.735294569662865
AvgIpc,0.0,0.9182958340544894,1.4056390622295665,1.690933805959686,0.7219280948873623,1.9460397819628557,2.0579401776765396,1.3516441151533922,1.5920001314822056,1.782088714449636,1.1431558784658322,1.8549845694438387,1.840725770865122,2.1695971448588303,2.330854871952875,2.468817141830863,1.6503097444942738,1.902158836343702,2.0268081738604655,2.1390908938602387,2.454036201523142,2.070462019119334,2.2365112663925557,1.6856161633204378,1.9034911933164034,2.029573889867405,2.1440159078922187,2.149738572139386,2.3062562576115897,2.4346590701418718,2.0726507842756843,2.4497435623369332,2.327753431560861,2.638396184688221,2.7317600087579756,2.9397887962212708,1.719973094021975,2.5083432320697017,2.5638813113805274,1.821871007983645
BalabanJ,0.0,1.6329931618554523,2.19060968716425,2.447472887876344,3.0237157840738176,3.824684203207495,4.1856116450973095,3.168489872670569,3.1117661943884265,3.0437584089734577,3.7464179312510324,2.6576609845322254,2.3997065821979304,2.399681801445976,2.218744749686202,2.0456250609680624,2.3278828794070434,2.3658119010911727,2.250453820403632,2.099065207168225,2.04093977448264,1.9432067804518802,1.812681308135432,3.0214653097240864,2.832085835007091,2.4265223465879537,2.157795777203053,3.040960568526769,2.6308250040284964,2.324450313027248,3.43614575474893,2.6903536328751176,2.9868268387646832,2.3799266159217667,2.324356724442318,2.0591862767003053,2.9923028831940854,2.121010632567224,2.2388084635451477,5.062665715038709
BertzCT,0.0,2.7548875021634682,11.119415478763749,23.360990398949916,19.11941547876375,47.45811190640113,80.1823291404663,33.69332843436965,51.897390567231454,71.28767654158642,69.72120767599533,208.0644283534882,58.58027134782354,72.45601115561732,92.90138860756123,114.17252007189917,68.45601115561732,82.56842503028857,103.44040467374955,125.08616632718032,79.62548782626678,99.3246918518097,160.07437636846674,134.10736969541455,145.73281445033504,169.34295735705518,193.41890295110636,200.68110964588848,225.46664681220207,250.59299942936838,178.40734682022938,455.48221461381985,387.57635439681366,626.9546097305906,662.1147187570205,921.7144573589595,25.651484454403228,523.7138976114098,563.2391420701314,118.7132413834305
Chi0,0.0,2.7071067811865475,4.121320343559642,5.535533905932738,4.5,7.328427124746191,10.156854249492381,5.207106781186548,6.621320343559642,8.035533905932738,7.707106781186548,8.319990956308912,5.328427124746191,6.035533905932739,7.4497474683058345,8.863961030678931,6.035533905932738,6.742640687119286,8.156854249492381,9.571067811865477,6.1568542494923815,7.571067811865477,9.855524862241651,5.112884175122364,5.819990956308912,7.234204518682008,8.648418081055103,6.8533711511285205,8.267584713501616,9.681798275874712,7.886751345948129,10.999635521070495,8.71517847069432,11.828062645816686,14.11251969619286,17.225403871315223,5.698670612749268,12.91600279455672,13.838652525367095,10.809401076758503
Chi0n,1.0,2.414213562373095,3.82842712474619,5.242640687119286,4.447213595499958,7.275640720246148,10.10406784499234,5.154320376686505,6.5685339390596,7.982747501432696,7.654320376686506,7.541071722634635,5.275640720246148,5.982747501432696,7.396961063805792,8.811174626178888,5.982747501432696,6.689854282619242,8.104067844992338,9.518281407365434,6.104067844992338,7.518281407365434,9.802738457741608,4.333964941448087,5.041071722634635,6.455285285007729,7.869498847380825,6.256234510565715,7.670448072938809,9.084661635311905,7.394427190999917,9.781178536948048,7.70382826775842,10.09057961370655,12.167929882896177,14.554681228844307,5.529568634023505,10.568502328308254,11.60746763334435,10.288854381999831
Chi0v,1.0,2.414213562373095,3.82842712474619,5.242640687119286,4.447213595499958,7.275640720246148,10.10406784499234,5.154320376686505,6.5685339390596,7.982747501432696,7.654320376686506,7.541071722634635,5.275640720246148,5.982747501432696,7.396961063805792,8.811174626178888,5.982747501432696,6.689854282619242,8.104067844992338,9.518281407365434,6.104067844992338,7.518281407365434,9.802738457741608,4.333964941448087,5.041071722634635,6.455285285007729,7.869498847380825,6.256234510565715,7.670448072938809,9.084661635311905,7.394427190999917,9.781178536948048,7.70382826775842,10.09057961370655,12.167929882896177,14.554681228844307,6.346065214951231,11.38499890923598,12.501894824344266,11.183281572999748
Chi1,0.0,1.4142135623730951,2.414213562373095,3.414213562373095,2.0,4.242640687119286,6.242640687119286,2.5606601717798214,3.5606601717798214,4.560660171779821,3.7071067811865475,5.078298261984863,3.207106781186548,3.767766952966369,4.767766952966369,5.76776695296637,3.707106781186548,4.267766952966369,5.267766952966369,6.26776695296637,4.414213562373096,5.414213562373095,6.846065214951232,3.393846850117352,3.931851652578137,4.931851652578137,5.931851652578137,4.253218857624055,5.253218857624055,6.253218857624055,4.553418012614795,7.125897657686229,5.715214055163269,8.287693700234703,9.698377302757663,12.270856947829097,3.3460652149512318,9.449489742783179,9.815515146567616,5.773502691896258
Chi1n,0.0,1.2071067811865475,2.2071067811865475,3.2071067811865475,1.7888543819998317,4.093338188813542,6.093338188813542,2.364975333703259,3.364975333703259,4.364975333703259,3.511421943109985,3.922105545632945,3.0268827230335913,3.603003674737019,4.603003674737018,5.603003674737018,3.5268827230335913,4.103003674737018,5.103003674737019,6.103003674737018,4.264911064067351,5.264911064067351,6.696762716645488,2.2969447083276138,2.8730656600310414,3.8730656600310414,4.873065660031041,3.2674928510309575,4.2674928510309575,5.2674928510309575,3.5388543819998324,5.199537984522792,4.1162046511894586,5.776888253712419,6.860221587045752,8.52090518956871,2.987345747344081,6.344423243264672,6.850084796318773,4.506888370749727
Chi1v,0.0,1.2071067811865475,2.2071067811865475,3.2071067811865475,1.7888543819998317,4.093338188813542,6.093338188813542,2.364975333703259,3.364975333703259,4.364975333703259,3.511421943109985,3.922105545632945,3.0268827230335913,3.603003674737019,4.603003674737018,5.603003674737018,3.5268827230335913,4.103003674737018,5.103003674737019,6.103003674737018,4.264911064067351,5.264911064067351,6.696762716645488,2.2969447083276138,2.8730656600310414,3.8730656600310414,4.873065660031041,3.2674928510309575,4.2674928510309575,5.2674928510309575,3.5388543819998324,5.199537984522792,4.1162046511894586,5.776888253712419,6.860221587045752,8.52090518956871,4.719396554912958,7.569168114656261,9.086152773818561,6.1541019662496845
Chi2n,0.0,0.4999999999999999,1.2071067811865472,1.9142135623730947,2.6832815729997477,2.6065518505672247,4.236067977499788,2.606551850567225,3.36748427289364,4.074591054080187,5.009098139338629,3.934036527212296,3.0900518340037935,3.0900518340037935,3.8509842563302077,4.558091037516755,3.4436052245970674,3.443605224597067,4.204537646923481,4.911644428110028,3.6502815398728825,4.35738832105943,5.528778956848487,1.5409616441839065,1.7059400023765325,2.4668724247029474,3.1739792058894944,2.2422764046045436,3.003208826930958,3.710315608117505,2.836067977499791,3.9784865835342504,3.153961919134891,4.296380525169351,5.09451198731869,6.236930593353149,1.4783978394802335,4.245343806603323,5.012878066685268,4.057182539299807
Chi2v,0.0,0.4999999999999999,1.2071067811865472,1.9142135623730947,2.6832815729997477,2.6065518505672247,4.236067977499788,2.606551850567225,3.36748427289364,4.074591054080187,5.009098139338629,3.934036527212296,3.0900518340037935,3.0900518340037935,3.8509842563302077,4.558091037516755,3.4436052245970674,3.443605224597067,4.204537646923481,4.911644428110028,3.6502815398728825,4.35738832105943,5.528778956848487,1.5409616441839065,1.7059400023765325,2.4668724247029474,3.1739792058894944,2.2422764046045436,3.003208826930958,3.710315608117505,2.836067977499791,3.9784865835342504,3.153961919134891,4.296380525169351,5.09451198731869,6.236930593353149,4.435193518440698,6.271929804672213,8.574532584918048,8.488266044899673
Chi3n,0.0,0.0,0.6035533905932736,1.1035533905932735,0.0,2.6832815729997463,2.7917937871009433,0.9486832980505137,1.1824876668516293,1.6824876668516293,0.9486832980505138,1.4997404969378012,1.7768827230335913,2.409338255067267,2.6973987309189806,3.1973987309189806,2.0268827230335913,2.659338255067267,2.9473987309189806,3.4473987309189806,3.029822128134703,3.5298221281347035,4.485213257851429,0.8646298055517427,1.1424542908997732,1.5471720825785162,2.0471720825785162,1.737006690311198,2.1488887388179863,2.6488887388179863,2.500657780874822,3.197235542345654,2.5752607687102005,3.2718385301810327,3.9603963464141168,4.656974107884952,1.2247448713915892,2.9367222766963295,3.817774139028844,2.2733126291998995
Chi3v,0.0,0.0,0.6035533905932736,1.1035533905932735,0.0,2.6832815729997463,2.7917937871009433,0.9486832980505137,1.1824876668516293,1.6824876668516293,0.9486832980505138,1.4997404969378012,1.7768827230335913,2.409338255067267,2.6973987309189806,3.1973987309189806,2.0268827230335913,2.659338255067267,2.9473987309189806,3.4473987309189806,3.029822128134703,3.5298221281347035,4.485213257851429,0.8646298055517427,1.1424542908997732,1.5471720825785162,2.0471720825785162,1.737006690311198,2.1488887388179863,2.6488887388179863,2.500657780874822,3.197235542345654,2.5752607687102005,3.2718385301810327,3.9603963464141168,4.656974107884952,3.674234614174766,5.167432419997154,7.810588006994698,6.819937887599695
Chi4n,0.0,0.0,0.24999999999999992,0.6035533905932735,0.0,1.3416407864998734,2.568186989350964,0.0,0.6324555320336757,1.0129217431968829,1.4230249470757708,1.1311423840198032,1.1914725264086228,1.4150793241586017,1.8622929196585594,2.2427591308217667,1.3682492217052593,1.5918560194552385,2.039069614955196,2.4195358261184032,2.4596747752497676,2.8132281658430416,3.4961562010778486,0.4847346205747094,0.6451366619778641,0.9240774186434324,1.3045436298066397,0.9330493344624458,1.1636124335515645,1.5440786447147719,1.1958203932499372,2.0026376806108552,1.6050569324012494,2.4591278962003678,2.719090813126194,3.5818097999246077,0.6123724356957945,2.0779822643864523,2.625623099310247,2.2733126291998995
Chi4v,0.0,0.0,0.24999999999999992,0.6035533905932735,0.0,1.3416407864998734,2.568186989350964,0.0,0.6324555320336757,1.0129217431968829,1.4230249470757708,1.1311423840198032,1.1914725264086228,1.4150793241586017,1.8622929196585594,2.2427591308217667,1.3682492217052593,1.5918560194552385,2.039069614955196,2.4195358261184032,2.4596747752497676,2.8132281658430416,3.4961562010778486,0.4847346205747094,0.6451366619778641,0.9240774186434324,1.3045436298066397,0.9330493344624458,1.1636124335515645,1.5440786447147719,1.1958203932499372,2.0026376806108552,1.6050569324012494,2.4591278962003678,2.719090813126194,3.5818097999246077,1.8371173070873832,4.1823799470329375,5.825302451804312,6.8199378875996945
HallKierAlpha,-0.04,-0.04,-0.04,-0.04,-0.04,-0.04,-0.04,-0.04,-0.04,-0.04,-0.04,-0.8200000000000001,-0.04,-0.04,-0.04,-0.04,-0.04,-0.04,-0.04,-0.04,-0.04,-0.04,-0.04,-0.85,-0.85,-0.85,-0.85,-0.79,-0.79,-0.79,-0.79,-1.5699999999999998,-1.31,-2.0899999999999994,-2.3499999999999996,-3.129999999999999,0.35,-1.9899999999999993,-1.9099999999999993,0.2700000000000001
Ipc,0.0,2.7548875021634682,11.245112497836532,35.509609925153406,3.6096404744368114,93.40990953421706,611.2082327699322,12.16479703638053,36.61600302409073,106.92532286697816,27.435741083179973,244.8579631665867,42.336692729897806,88.95348293921204,244.7397615550519,676.4558968616565,59.41115080179386,121.73816552599693,332.39654051311635,915.5309025721822,257.6738011599299,530.0382768945495,2218.6191762614153,47.19725257297226,91.36757727918736,251.66716234355823,694.6611541570788,137.5832686169207,382.8385387635239,1056.6420364415724,174.10266587915748,3263.058425032795,796.0916735938143,14342.32165996517,58481.51826749074,998493.3850589622,34.3994618804395,44146.84088442675,65635.3615713415,344.33362050890895
Kappa1,0.9600000000000016,2.9600000000000004,4.960000000000001,6.96,4.960000000000001,8.960000000000003,12.960000000000003,5.959999999999999,7.96,9.96,8.960000000000003,8.278231827111984,5.10367816091954,6.085628140703518,8.060401606425705,10.04361204013378,6.085628140703518,7.071607142857144,9.05124087591241,11.037160493827162,5.7228909211141765,7.600932428048904,10.476886385083931,4.31260162601626,5.2898601398601395,7.259289617486338,9.23968609865471,6.331802679658953,8.307943192948091,10.291900081900083,7.318577633007602,9.965190555980577,7.345075038728604,10.088920230629265,12.67208496008391,15.400758496655467,7.349999999999998,12.064872694982375,13.09069844980812,13.269999999999998
Kappa2,-27.040000000000028,1.96,3.9600000000000004,5.959999999999999,0.9767560019818928,3.8869850486282487,7.371934220572903,1.6056599286563615,3.079539221938775,4.7262102402898405,2.295733882030179,3.0548987926736837,1.4780561603845095,2.0581671905802117,3.3800579180003054,4.858095455975293,2.0581671905802117,2.695685283162381,4.103028382361393,5.6400962305513165,1.9786123266639852,3.139132040627886,4.653141794611267,1.7349674800723753,2.455694606496293,4.0442464024848945,5.756462429507698,2.212622069469324,3.5574623232348133,5.051247734435416,2.113613288359339,3.5360569208280808,2.338340028523394,3.7362175787874485,4.968138208930675,6.404060556470026,4.507480314960629,5.766673100451944,5.607259720921957,4.668907825780596
Kappa3,-104.0400000000001,1.9600000000000033,3.9600000000000004,5.960000000000001,9507.96,1.9767112224695478,4.657834812595399,3.9600000000000004,5.959999999999999,7.960000000000003,7.9600000000000035,3.1900463490984974,1.164181281887755,1.025055200724824,1.9786123266639852,3.139132040627886,1.4780561603845095,1.6834320225575372,2.8198258457490923,4.124755028479886,0.8765827550458581,1.5840336384191231,2.3060202991452994,0.9995769964301435,1.0594030875809968,2.175236783365843,3.5146720351602596,0.9692204199498724,1.8220661079652816,2.8675102660069647,0.7534661313448094,1.4602790034697108,0.7786535133620747,1.4483134457338764,1.9362417475993994,2.65856711572461,2.979921259842519,2.716779169106481,2.2796197511697454,2.197080134233589
LabuteASA,7.50422812385033,20.444083839238875,33.17396806803209,45.9038522968253,33.80388252781807,59.263650985404496,84.72341944299093,40.16882464221467,52.898708871007884,65.6285930998011,59.26365098540449,68.86097673388208,45.52793560308206,51.89287771747866,64.62276194627188,77.35264617506512,51.892877717478655,58.25781983187526,70.98770406066849,83.71758828946172,57.251988678346045,69.98187290713926,89.07669925032909,43.225964701435416,49.590906815832014,62.32079104462524,75.05067527341846,55.73992295223486,68.46980718102807,81.19969140982128,62.10486506663146,90.7970171582989,72.05664536957345,100.7487974612409,119.48916924996631,148.18132134163372,49.655114987141346,116.63674491895381,120.99511410639077,83.6425984728205
PEOE_VSA1,6.150546350318038,5.733667477162185,5.733667477162185,5.733667477162185,4.483030857694624,4.483030857694624,4.483030857694624,4.483030857694624,4.483030857694624,4.483030857694624,4.483030857694624,4.483030857694624,4.483030857694624,4.483030857694624,4.483030857694624,4.483030857694624,4.483030857694624,4.483030857694624,4.483030857694624,4.483030857694624,4.483030857694624,4.483030857694624,4.483030857694624,0.0,0.0,0.0,0.0,0.0,0.0,0.0,0.0,0.0,0.0,0.0,0.0,0.0,0.0,0.0,0.0,0.0
PEOE_VSA10,0.0,0.0,0.0,0.0,0.0,0.0,0.0,0.0,0.0,0.0,0.0,6.544756405912575,0.0,0.0,0.0,0.0,0.0,0.0,0.0,0.0,0.0,0.0,0.0,7.04767198267719,6.544756405912575,6.544756405912575,6.544756405912575,12.393687143226153,12.393687143226153,12.393687143226153,11.387855989696922,11.387855989696922,0.0,0.0,0.0,0.0,17.258560820240366,0.0,23.17609887924958,0.0
PEOE_VSA11,0.0,0.0,0.0,0.0,0.0,0.0,0.0,0.0,0.0,0.0,0.0,0.0,0.0,0.0,0.0,0.0,0.0,0.0,0.0,0.0,0.0,0.0,0.0,12.393687143226153,12.393687143226153,12.393687143226153,12.393687143226153,0.0,0.0,0.0,0.0,0.0,11.033401435232523,11.033401435232523,11.387855989696922,11.387855989696922,0.0,14.686450426553325,0.0,0.0
PEOE_VSA12,0.0,0.0,0.0,0.0,0.0,0.0,0.0,0.0,0.0,0.0,0.0,0.0,0.0,0.0,0.0,0.0,0.0,0.0,0.0,0.0,0.0,0.0,0.0,0.0,0.0,0.0,0.0,0.0,0.0,0.0,0.0,0.0,0.0,0.0,0.0,0.0,0.0,0.0,0.0,7.865383607395594
PEOE_VSA13,0.0,0.0,0.0,0.0,0.0,0.0,0.0,0.0,0.0,0.0,0.0,0.0,0.0,0.0,0.0,0.0,0.0,0.0,0.0,0.0,0.0,0.0,0.0,0.0,0.0,0.0,0.0,5.824404497999927,5.824404497999927,5.824404497999927,5.824404497999927,5.824404497999927,5.824404497999927,5.824404497999927,5.824404497999927,5.824404497999927,0.0,0.0,0.0,0.0
PEOE_VSA14,0.0,0.0,0.0,0.0,0.0,0.0,0.0,0.0,0.0,0.0,0.0,0.0,0.0,0.0,0.0,0.0,0.0,0.0,0.0,0.0,0.0,0.0,0.0,0.0,0.0,0.0,0.0,0.0,0.0,0.0,0.0,0.0,0.0,0.0,0.0,0.0,0.0,0.0,0.0,0.0
PEOE_VSA2,0.0,0.0,0.0,0.0,0.0,0.0,0.0,0.0,0.0,0.0,0.0,0.0,0.0,0.0,0.0,0.0,0.0,0.0,0.0,0.0,0.0,0.0,0.0,0.0,0.0,0.0,0.0,0.0,0.0,0.0,0.0,0.0,0.0,0.0,0.0,0.0,0.0,0.0,0.0,4.6704161899212995
PEOE_VSA3,0.0,0.0,0.0,0.0,0.0,0.0,0.0,0.0,0.0,0.0,0.0,0.0,0.0,0.0,0.0,0.0,0.0,0.0,0.0,0.0,0.0,0.0,0.0,4.567099647791355,4.567099647791355,4.567099647791355,4.567099647791355,9.13419929558271,9.13419929558271,9.13419929558271,9.13419929558271,9.13419929558271,9.13419929558271,9.13419929558271,9.13419929558271,9.13419929558271,0.0,0.0,0.0,14.011248569763898
PEOE_VSA4,0.0,0.0,0.0,0.0,0.0,0.0,0.0,0.0,0.0,0.0,0.0,0.0,0.0,0.0,0.0,0.0,0.0,0.0,0.0,0.0,0.0,0.0,0.0,0.0,0.0,0.0,0.0,0.0,0.0,0.0,0.0,0.0,0.0,0.0,0.0,0.0,0.0,0.0,0.0,0.0
PEOE_VSA5,0.0,0.0,0.0,0.0,0.0,0.0,0.0,0.0,0.0,0.0,0.0,0.0,0.0,0.0,0.0,0.0,0.0,0.0,0.0,0.0,0.0,0.0,0.0,0.0,0.0,0.0,0.0,0.0,0.0,0.0,0.0,0.0,0.0,0.0,0.0,0.0,0.0,0.0,0.0,0.0
PEOE_VSA6,0.0,0.0,13.344558822616634,19.765380445542643,0.0,0.0,27.694948798762496,0.0,13.344558822616634,19.765380445542643,20.771211599071872,30.33183534230805,0.0,0.0,13.344558822616634,19.765380445542643,0.0,0.0,13.344558822616634,19.765380445542643,0.0,0.0,19.765380445542643,6.06636706846161,6.06636706846161,19.410925891078243,25.831747514004253,0.0,13.344558822616634,19.765380445542643,0.0,18.19910120538483,12.13273413692322,30.33183534230805,60.6636706846161,78.86277189000094,0.0,54.59730361615449,54.59730361615449,0.0
PEOE_VSA7,0.0,6.923737199690624,6.4208216229260096,12.841643245852019,0.0,27.694948798762496,25.683286491704038,6.923737199690624,6.4208216229260096,12.841643245852019,0.0,0.0,0.0,6.923737199690624,6.4208216229260096,12.841643245852019,19.26246486877803,26.186202068468653,25.683286491704038,32.10410811463005,0.0,38.524929737556064,38.02201416079144,0.0,6.923737199690624,0.0,6.4208216229260096,6.923737199690624,6.4208216229260096,12.841643245852019,0.0,12.13273413692322,12.13273413692322,24.26546827384644,0.0,12.13273413692322,31.66619234984111,36.39820241076966,36.39820241076966,42.286031896063136
PEOE_VSA8,0.0,0.0,0.0,0.0,0.0,0.0,0.0,0.0,0.0,0.0,5.41499046939678,5.563451491696996,12.841643245852019,12.841643245852019,12.841643245852019,12.841643245852019,0.0,0.0,0.0,0.0,25.683286491704038,0.0,0.0,12.13273413692322,12.13273413692322,18.553555759849232,18.553555759849232,6.923737199690624,6.923737199690624,6.923737199690624,20.771211599071872,13.847474399381248,6.923737199690624,0.0,18.050640183084617,11.126902983393991,0.0,0.0,0.0,0.0
PEOE_VSA9,0.0,6.544756405912575,6.544756405912575,6.544756405912575,28.19068793070876,26.1790256236503,26.1790256236503,27.687772353944144,27.687772353944144,27.687772353944144,27.687772353944144,21.143015948031568,27.18485677717953,26.681941200414915,26.681941200414915,26.681941200414915,27.18485677717953,26.681941200414915,26.681941200414915,26.681941200414915,26.1790256236503,26.1790256236503,26.1790256236503,0.0,0.0,0.0,0.0,13.592428388589765,13.592428388589765,13.592428388589765,14.09534396535438,19.658795457051376,14.09534396535438,19.658795457051376,14.09534396535438,19.658795457051376,0.0,10.894980750769237,6.664825604232536,14.09534396535438
SMR_VSA1,0.0,5.733667477162185,5.733667477162185,5.733667477162185,4.483030857694624,4.483030857694624,4.483030857694624,4.483030857694624,4.483030857694624,4.483030857694624,4.483030857694624,4.483030857694624,4.483030857694624,4.483030857694624,4.483030857694624,4.483030857694624,4.483030857694624,4.483030857694624,4.483030857694624,4.483030857694624,4.483030857694624,4.483030857694624,4.483030857694624,4.567099647791355,4.567099647791355,4.567099647791355,4.567099647791355,4.567099647791355,4.567099647791355,4.567099647791355,4.567099647791355,4.567099647791355,4.567099647791355,4.567099647791355,4.567099647791355,4.567099647791355,0.0,0.0,0.0,4.6704161899212995
SMR_VSA10,0.0,0.0,0.0,0.0,0.0,0.0,0.0,0.0,0.0,0.0,0.0,0.0,0.0,0.0,0.0,0.0,0.0,0.0,0.0,0.0,0.0,0.0,0.0,0.0,0.0,0.0,0.0,0.0,0.0,0.0,0.0,0.0,11.033401435232523,11.033401435232523,0.0,0.0,10.894980750769237,10.894980750769237,23.17609887924958,7.865383607395594
SMR_VSA2,0.0,0.0,0.0,0.0,0.0,0.0,0.0,0.0,0.0,0.0,0.0,0.0,0.0,0.0,0.0,0.0,0.0,0.0,0.0,0.0,0.0,0.0,0.0,0.0,0.0,0.0,0.0,0.0,0.0,0.0,0.0,0.0,0.0,0.0,0.0,0.0,0.0,0.0,0.0,0.0
SMR_VSA3,6.150546350318038,0.0,0.0,0.0,0.0,0.0,0.0,0.0,0.0,0.0,0.0,0.0,0.0,0.0,0.0,0.0,0.0,0.0,0.0,0.0,0.0,0.0,0.0,0.0,0.0,0.0,0.0,4.567099647791355,4.567099647791355,4.567099647791355,4.567099647791355,4.567099647791355,4.567099647791355,4.567099647791355,4.567099647791355,4.567099647791355,0.0,0.0,0.0,14.011248569763898
SMR_VSA4,0.0,0.0,0.0,0.0,0.0,0.0,0.0,0.0,0.0,0.0,5.41499046939678,0.0,0.0,0.0,0.0,0.0,0.0,0.0,0.0,0.0,0.0,0.0,5.917906046161393,7.04767198267719,0.0,0.0,0.0,7.04767198267719,7.04767198267719,7.04767198267719,14.09534396535438,14.09534396535438,14.09534396535438,14.09534396535438,14.09534396535438,14.09534396535438,0.0,0.0,0.0,0.0
SMR_VSA5,0.0,6.923737199690624,19.765380445542643,32.60702369139466,0.0,27.694948798762496,53.378235290466534,6.923737199690624,19.765380445542643,32.60702369139466,20.771211599071872,6.544756405912575,12.841643245852019,19.765380445542643,32.60702369139466,45.448666937246685,19.26246486877803,26.186202068468653,39.02784531432067,51.8694885601727,25.683286491704038,38.524929737556064,51.8694885601727,0.0,13.4684936056032,26.31013685145522,39.15178009730724,20.392230805293824,33.23387405114585,46.07551729699786,20.771211599071872,13.847474399381248,6.923737199690624,0.0,6.923737199690624,0.0,20.771211599071872,14.686450426553325,0.0,0.0
SMR_VSA6,0.0,6.544756405912575,6.544756405912575,6.544756405912575,28.19068793070876,26.1790256236503,26.1790256236503,27.687772353944144,27.687772353944144,27.687772353944144,27.687772353944144,21.143015948031568,27.18485677717953,26.681941200414915,26.681941200414915,26.681941200414915,27.18485677717953,26.681941200414915,26.681941200414915,26.681941200414915,26.1790256236503,26.1790256236503,26.1790256236503,0.0,0.0,0.0,0.0,0.0,0.0,0.0,0.0,0.0,0.0,0.0,0.0,0.0,17.258560820240366,0.0,6.664825604232536,56.38137586141751
SMR_VSA7,0.0,0.0,0.0,0.0,0.0,0.0,0.0,0.0,0.0,0.0,0.0,35.89528683400505,0.0,0.0,0.0,0.0,0.0,0.0,0.0,0.0,0.0,0.0,0.0,30.592788348610984,30.592788348610984,30.592788348610984,30.592788348610984,18.21809164122608,18.21809164122608,18.21809164122608,17.21226048769685,41.71969133200497,30.089872771846366,54.59730361615449,66.48807518261603,90.99550602692418,0.0,90.99550602692418,90.99550602692418,0.0
SMR_VSA8,0.0,0.0,0.0,0.0,0.0,0.0,0.0,0.0,0.0,0.0,0.0,0.0,0.0,0.0,0.0,0.0,0.0,0.0,0.0,0.0,0.0,0.0,0.0,0.0,0.0,0.0,0.0,0.0,0.0,0.0,0.0,0.0,0.0,0.0,0.0,0.0,0.0,0.0,0.0,0.0
SMR_VSA9,0.0,0.0,0.0,0.0,0.0,0.0,0.0,0.0,0.0,0.0,0.0,0.0,0.0,0.0,0.0,0.0,0.0,0.0,0.0,0.0,0.0,0.0,0.0,0.0,0.0,0.0,0.0,0.0,0.0,0.0,0.0,11.387855989696924,0.0,11.387855989696924,22.514758973090913,33.90261496278784,0.0,0.0,0.0,0.0
SlogP_VSA1,6.150546350318038,5.733667477162185,5.733667477162185,5.733667477162185,0.0,0.0,0.0,0.0,0.0,0.0,0.0,0.0,0.0,0.0,0.0,0.0,0.0,0.0,0.0,0.0,0.0,0.0,0.0,4.567099647791355,4.567099647791355,4.567099647791355,4.567099647791355,4.567099647791355,4.567099647791355,4.567099647791355,4.567099647791355,4.567099647791355,4.567099647791355,4.567099647791355,4.567099647791355,4.567099647791355,0.0,0.0,15.913619688716722,4.6704161899212995
SlogP_VSA10,0.0,0.0,0.0,0.0,0.0,0.0,0.0,0.0,0.0,0.0,0.0,0.0,0.0,0.0,0.0,0.0,0.0,0.0,0.0,0.0,0.0,0.0,0.0,0.0,0.0,0.0,0.0,0.0,0.0,0.0,0.0,0.0,0.0,0.0,0.0,0.0,0.0,0.0,0.0,0.0
SlogP_VSA11,0.0,0.0,0.0,0.0,0.0,0.0,0.0,0.0,0.0,0.0,0.0,0.0,0.0,0.0,0.0,0.0,0.0,0.0,0.0,0.0,0.0,0.0,0.0,0.0,0.0,0.0,0.0,0.0,0.0,0.0,0.0,0.0,0.0,0.0,0.0,0.0,0.0,0.0,0.0,0.0
SlogP_VSA12,0.0,0.0,0.0,0.0,0.0,0.0,0.0,0.0,0.0,0.0,0.0,0.0,0.0,0.0,0.0,0.0,0.0,0.0,0.0,0.0,0.0,0.0,0.0,0.0,0.0,0.0,0.0,0.0,0.0,0.0,0.0,0.0,0.0,0.0,0.0,0.0,0.0,0.0,7.262479190532857,7.865383607395594
SlogP_VSA2,0.0,6.544756405912575,6.544756405912575,6.544756405912575,32.673718788403384,30.662056481344926,30.662056481344926,32.17080321163877,32.17080321163877,32.17080321163877,32.17080321163877,25.626046805726194,31.667887634874155,31.16497205810954,31.16497205810954,31.16497205810954,31.667887634874155,31.16497205810954,31.16497205810954,31.16497205810954,30.662056481344926,30.662056481344926,30.662056481344926,0.0,0.0,0.0,0.0,4.567099647791355,4.567099647791355,4.567099647791355,4.567099647791355,4.567099647791355,4.567099647791355,4.567099647791355,4.567099647791355,4.567099647791355,17.258560820240366,0.0,6.664825604232536,70.3926244311814
SlogP_VSA3,0.0,0.0,0.0,0.0,0.0,0.0,0.0,0.0,0.0,0.0,0.0,6.544756405912575,0.0,0.0,0.0,0.0,0.0,0.0,0.0,0.0,0.0,0.0,0.0,7.04767198267719,6.544756405912575,6.544756405912575,6.544756405912575,13.592428388589765,13.592428388589765,13.592428388589765,14.09534396535438,14.09534396535438,14.09534396535438,14.09534396535438,14.09534396535438,14.09534396535438,10.894980750769237,10.894980750769237,0.0,0.0
SlogP_VSA4,0.0,0.0,0.0,0.0,0.0,0.0,0.0,0.0,0.0,0.0,5.41499046939678,0.0,0.0,0.0,0.0,0.0,0.0,0.0,0.0,0.0,0.0,0.0,5.917906046161393,0.0,0.0,0.0,0.0,6.923737199690624,6.923737199690624,6.923737199690624,20.771211599071872,13.847474399381248,6.923737199690624,0.0,6.923737199690624,0.0,0.0,0.0,0.0,0.0
SlogP_VSA5,0.0,6.923737199690624,19.765380445542643,32.60702369139466,0.0,27.694948798762496,53.378235290466534,6.923737199690624,19.765380445542643,32.60702369139466,20.771211599071872,5.563451491696996,12.841643245852019,19.765380445542643,32.60702369139466,45.448666937246685,19.26246486877803,26.186202068468653,39.02784531432067,51.8694885601727,25.683286491704038,38.524929737556064,51.8694885601727,0.0,6.923737199690624,19.765380445542643,32.60702369139466,12.748141697690551,25.58978494354257,38.43142818939459,17.21226048769685,11.387855989696922,5.824404497999927,0.0,5.824404497999927,0.0,20.771211599071872,0.0,0.0,0.0
SlogP_VSA6,0.0,0.0,0.0,0.0,0.0,0.0,0.0,0.0,0.0,0.0,0.0,30.33183534230805,0.0,0.0,0.0,0.0,0.0,0.0,0.0,0.0,0.0,0.0,0.0,30.592788348610984,30.592788348610984,30.592788348610984,30.592788348610984,12.393687143226153,12.393687143226153,12.393687143226153,0.0,30.33183534230805,24.26546827384644,54.59730361615449,60.6636706846161,90.99550602692418,0.0,105.68195645347751,90.99550602692418,0.0
SlogP_VSA7,0.0,0.0,0.0,0.0,0.0,0.0,0.0,0.0,0.0,0.0,0.0,0.0,0.0,0.0,0.0,0.0,0.0,0.0,0.0,0.0,0.0,0.0,0.0,0.0,0.0,0.0,0.0,0.0,0.0,0.0,0.0,0.0,0.0,0.0,0.0,0.0,0.0,0.0,0.0,0.0
SlogP_VSA8,0.0,0.0,0.0,0.0,0.0,0.0,0.0,0.0,0.0,0.0,0.0,0.0,0.0,0.0,0.0,0.0,0.0,0.0,0.0,0.0,0.0,0.0,0.0,0.0,0.0,0.0,0.0,0.0,0.0,0.0,0.0,11.387855989696924,11.033401435232523,22.421257424929443,22.514758973090913,33.90261496278784,0.0,0.0,0.0,0.0
SlogP_VSA9,0.0,0.0,0.0,0.0,0.0,0.0,0.0,0.0,0.0,0.0,0.0,0.0,0.0,0.0,0.0,0.0,0.0,0.0,0.0,0.0,0.0,0.0,0.0,0.0,0.0,0.0,0.0,0.0,0.0,0.0,0.0,0.0,0.0,0.0,0.0,0.0,0.0,0.0,0.0,0.0
TPSA,36.5,27.64,27.64,27.64,0.0,0.0,0.0,0.0,0.0,0.0,0.0,0.0,0.0,0.0,0.0,0.0,0.0,0.0,0.0,0.0,0.0,0.0,0.0,3.88,3.88,3.88,3.88,8.809999999999999,8.809999999999999,8.809999999999999,8.809999999999999,8.809999999999999,8.809999999999999,8.809999999999999,8.809999999999999,8.809999999999999,0.0,0.0,0.0,14.16
EState_VSA1,0.0,0.0,0.0,0.0,0.0,0.0,0.0,0.0,0.0,0.0,0.0,0.0,0.0,0.0,0.0,0.0,0.0,0.0,0.0,0.0,0.0,0.0,0.0,0.0,0.0,0.0,0.0,0.0,0.0,0.0,0.0,0.0,0.0,0.0,0.0,0.0,0.0,0.0,7.262479190532857,7.865383607395594
EState_VSA10,0.0,0.0,0.0,0.0,0.0,0.0,0.0,0.0,0.0,0.0,0.0,0.0,0.0,0.0,0.0,0.0,0.0,0.0,0.0,0.0,0.0,0.0,0.0,0.0,0.0,0.0,0.0,0.0,0.0,0.0,0.0,0.0,0.0,0.0,0.0,0.0,0.0,0.0,0.0,0.0
EState_VSA11,0.0,0.0,0.0,0.0,0.0,0.0,0.0,0.0,0.0,0.0,0.0,0.0,0.0,0.0,0.0,0.0,0.0,0.0,0.0,0.0,0.0,0.0,0.0,0.0,0.0,0.0,0.0,0.0,0.0,0.0,0.0,0.0,0.0,0.0,0.0,0.0,0.0,0.0,0.0,0.0
EState_VSA2,6.150546350318038,0.0,0.0,0.0,0.0,0.0,0.0,0.0,0.0,0.0,0.0,0.0,0.0,0.0,0.0,0.0,0.0,0.0,0.0,0.0,0.0,0.0,0.0,0.0,0.0,0.0,0.0,0.0,0.0,0.0,0.0,0.0,0.0,0.0,0.0,0.0,0.0,10.894980750769237,0.0,0.0
EState_VSA3,0.0,0.0,0.0,0.0,0.0,0.0,0.0,0.0,0.0,0.0,5.41499046939678,0.0,0.0,0.0,0.0,0.0,0.0,0.0,0.0,0.0,0.0,0.0,0.0,0.0,0.0,0.0,0.0,0.0,0.0,0.0,0.0,0.0,0.0,0.0,0.0,0.0,0.0,0.0,0.0,0.0
EState_VSA4,0.0,6.544756405912575,6.544756405912575,6.544756405912575,4.483030857694624,0.0,0.0,4.483030857694624,4.483030857694624,4.483030857694624,4.483030857694624,11.027787263607198,0.0,0.0,0.0,0.0,0.0,0.0,0.0,0.0,0.0,0.0,5.917906046161393,0.0,6.544756405912575,6.544756405912575,0.0,6.544756405912575,6.544756405912575,0.0,0.0,0.0,0.0,0.0,0.0,0.0,10.894980750769237,0.0,0.0,0.0
EState_VSA5,0.0,0.0,12.841643245852019,25.683286491704038,0.0,30.662056481344926,56.34534297304896,6.544756405912575,19.386399651764595,32.22804289761661,6.544756405912575,5.563451491696996,30.414186915371797,36.95894332128437,49.800586567136385,62.64222981298841,36.8350085382978,43.37976494421037,56.2214081900624,69.06305143591443,56.345342973048965,69.18698621890098,75.607807841827,0.0,0.0,12.841643245852019,32.22804289761662,5.824404497999927,18.666047743851948,38.05244739561655,17.21226048769685,22.775711979393844,16.85780593323245,22.421257424929443,28.339163471090842,33.90261496278784,17.258560820240366,14.686450426553325,15.913619688716722,4.6704161899212995
EState_VSA6,0.0,0.0,0.0,0.0,0.0,0.0,0.0,0.0,0.0,0.0,0.0,0.0,0.0,0.0,0.0,0.0,0.0,0.0,0.0,0.0,0.0,0.0,0.0,0.0,0.0,0.0,0.0,0.0,0.0,0.0,0.0,0.0,0.0,0.0,0.0,0.0,0.0,0.0,0.0,0.0
EState_VSA7,0.0,6.923737199690624,0.0,0.0,0.0,0.0,0.0,0.0,0.0,0.0,0.0,0.0,0.0,0.0,0.0,0.0,0.0,0.0,0.0,0.0,0.0,0.0,0.0,42.207559979079534,18.19910120538483,6.06636706846161,0.0,0.0,0.0,0.0,0.0,6.06636706846161,0.0,6.06636706846161,0.0,0.0,0.0,0.0,0.0,0.0
EState_VSA8,0.0,5.733667477162185,12.65740467685281,12.65740467685281,28.19068793070876,27.694948798762496,27.694948798762496,28.066753147722196,28.066753147722196,28.066753147722196,41.91422754710344,51.474851290339615,14.09534396535438,13.971409182367815,13.971409182367815,13.971409182367815,14.09534396535438,13.971409182367815,13.971409182367815,13.971409182367815,0.0,0.0,6.923737199690624,0.0,23.884523990708132,36.01725812763135,42.08362519609297,42.42303282086729,42.42303282086729,42.42303282086729,44.00075486000895,61.34248593416477,54.41874873447415,71.76047980862997,90.8169511452438,114.22504928786127,20.771211599071872,90.99550602692418,97.66033163115672,70.3926244311814
EState_VSA9,0.0,0.0,0.0,0.0,0.0,0.0,0.0,0.0,0.0,0.0,0.0,0.0,0.0,0.0,0.0,0.0,0.0,0.0,0.0,0.0,0.0,0.0,0.0,0.0,0.0,0.0,0.0,0.0,0.0,0.0,0.0,0.0,0.0,0.0,0.0,0.0,0.0,0.0,0.0,0.0
VSA_EState1,0.0,0.0,0.0,0.0,1.0,1.2777777777777777,1.375,1.0694444444444444,1.105,1.114795918367347,1.0590277777777777,0.9900925925925925,1.25,1.3194444444444444,1.355,1.364795918367347,1.25,1.3194444444444444,1.355,1.364795918367347,1.5,1.5,1.5002125850340136,2.0,2.125,2.2118055555555554,2.245694444444444,4.322916666666667,4.443611111111111,4.495516581632653,4.407407407407407,4.481481481481481,4.407407407407407,4.481481481481481,4.523148148148148,4.597222222222222,0.0,0.0,0.0,8.48611111111111
VSA_EState10,0.0,0.0,0.0,0.0,0.0,0.0,0.0,0.0,0.0,0.0,0.0,0.0,0.0,0.0,0.0,0.0,0.0,0.0,0.0,0.0,0.0,0.0,0.0,0.0,0.0,0.0,0.0,0.0,0.0,0.0,0.0,0.0,0.0,0.0,0.0,0.0,0.0,0.0,0.0,0.0
VSA_EState2,0.0,0.0,0.0,0.0,0.0,0.0,0.0,0.0,0.0,0.0,0.0,0.0,0.0,0.0,0.0,0.0,0.0,0.0,0.0,0.0,0.0,0.0,0.0,0.0,0.0,0.0,0.0,0.0,0.0,0.0,0.0,0.0,0.0,0.0,0.0,0.0,0.0,4.083055555555557,0.0,0.0
VSA_EState3,0.0,0.0,0.0,0.0,0.0,0.0,0.0,0.0,0.0,0.0,0.0,0.0,0.0,0.0,0.0,0.0,0.0,0.0,0.0,0.0,0.0,0.0,0.0,0.0,0.0,0.0,0.0,0.0,0.0,0.0,0.0,0.0,0.0,0.0,0.0,0.0,0.0,0.0,4.284444444444445,0.0
VSA_EState4,0.0,3.486111111111111,3.6754166666666666,3.7574914965986395,0.0,0.0,0.0,0.0,0.0,0.0,0.4565972222222222,1.402777777777778,0.0,0.0,0.0,0.0,0.0,0.0,0.0,0.0,0.0,0.0,0.0,0.0,0.0,0.0,0.0,0.0,0.0,0.0,2.6944444444444446,3.8948204837490557,2.578703703703704,3.7605612244897966,5.017320483749057,6.1217006802721095,0.0,0.0,0.0,0.0
VSA_EState5,0.0,0.0,0.0,0.0,0.0,0.0,0.0,0.0,0.0,0.0,0.0,0.0,0.0,0.0,0.0,0.0,0.0,0.0,0.0,0.0,0.0,0.0,1.0747004913076341,0.0,0.0,0.0,0.0,1.303240740740741,1.3318981481481482,1.3439800642479216,1.300925925925926,1.2551851851851854,1.2742592592592594,1.2285185185185188,1.2386167800453516,1.192876039304611,4.145833333333333,0.0,0.0,0.0
VSA_EState6,0.0,0.0,0.0,0.0,0.0,0.0,0.0,0.0,0.0,0.0,0.0,10.571574074074075,0.0,0.0,0.0,0.0,0.0,0.0,0.0,0.0,0.0,0.0,0.0,6.0,6.0825,6.174370748299319,6.224389251070798,0.0,0.0,0.0,0.0,10.49462396069539,8.424814814814816,18.964623960695388,21.144433106575956,31.78838624338625,0.0,32.1537962962963,32.63782407407407,0.0
VSA_EState7,0.0,0.0,2.5590277777777777,5.4061111111111115,0.0,0.0,5.333333333333333,0.0,2.665694444444444,5.542165532879819,0.0,0.0,2.875,2.8975,5.685286281179138,8.618005794910557,4.335,4.363611111111111,7.157473781179139,10.093005794910558,6.0,9.0,10.418277903754094,4.0,4.111111111111111,6.7518792517006805,9.616721860040313,4.16087962962963,6.784564436885866,9.64137605505165,0.0,0.0,0.0,0.0,0.0,0.0,0.0,0.0,0.0,0.0
VSA_EState8,0.0,3.013888888888889,3.2655555555555553,3.3363973922902495,0.0,14.222222222222221,14.791666666666666,3.388888888888889,3.533888888888889,3.5753429705215423,8.052083333333332,1.0980555555555556,2.7777777777777777,6.428888888888888,6.554297052154195,6.587688649533888,2.7777777777777777,6.442777777777778,6.562109552154195,6.592688649533888,6.0,6.0,8.34014235323759,0.0,3.181388888888889,3.361944444444444,3.413194444444444,5.322592592592593,5.525462962962964,5.59067861866969,6.407407407407407,4.309074074074074,2.125,0.0,2.1516666666666664,0.0,6.8217592592592595,0.0,2.4097222222222223,0.0
VSA_EState9,0.0,0.0,0.0,0.0,8.5,0.0,0.0,6.541666666666666,6.695416666666667,6.767695578231293,6.682291666666666,6.604166666666666,4.597222222222222,2.3541666666666665,2.4054166666666665,2.429509637188209,4.637222222222222,2.3741666666666665,2.4254166666666666,2.449509637188209,0.0,0.0,0.0,2.0,0.0,0.0,0.0,2.057037037037037,2.081130007558579,2.095115347064752,4.189814814814815,4.231481481481482,4.189814814814815,4.231481481481482,4.258148148148148,4.299814814814814,0.7546296296296294,-0.014629629629629992,-1.5264351851851845,15.986111111111109
FractionCSP3,0.0,1.0,1.0,1.0,1.0,1.0,1.0,1.0,1.0,1.0,1.0,0.4,1.0,1.0,1.0,1.0,1.0,1.0,1.0,1.0,1.0,1.0,1.0,0.16666666666666666,0.2857142857142857,0.4444444444444444,0.5454545454545454,0.5714285714285714,0.6666666666666666,0.7272727272727273,0.625,0.3076923076923077,0.3,0.13333333333333333,0.16666666666666666,0.08695652173913043,1.0,0.0,0.05263157894736842,1.0
HeavyAtomCount,1.0,3.0,5.0,7.0,5.0,9.0,13.0,6.0,8.0,10.0,9.0,11.0,7.0,8.0,10.0,12.0,8.0,9.0,11.0,13.0,9.0,11.0,14.0,7.0,8.0,10.0,12.0,9.0,11.0,13.0,10.0,15.0,12.0,17.0,20.0,25.0,7.0,19.0,20.0,13.0
NHOHCount,4.0,3.0,3.0,3.0,0.0,0.0,0.0,0.0,0.0,0.0,0.0,0.0,0.0,0.0,0.0,0.0,0.0,0.0,0.0,0.0,0.0,0.0,0.0,0.0,0.0,0.0,0.0,0.0,0.0,0.0,0.0,0.0,0.0,0.0,0.0,0.0,0.0,0.0,0.0,1.0
NOCount,1.0,1.0,1.0,1.0,1.0,1.0,1.0,1.0,1.0,1.0,1.0,1.0,1.0,1.0,1.0,1.0,1.0,1.0,1.0,1.0,1.0,1.0,1.0,1.0,1.0,1.0,1.0,2.0,2.0,2.0,2.0,2.0,2.0,2.0,2.0,2.0,0.0,0.0,0.0,4.0
NumAliphaticCarbocycles,0.0,0.0,0.0,0.0,0.0,0.0,0.0,0.0,0.0,0.0,0.0,0.0,0.0,0.0,0.0,0.0,0.0,0.0,0.0,0.0,0.0,0.0,0.0,0.0,0.0,0.0,0.0,0.0,0.0,0.0,0.0,0.0,0.0,0.0,0.0,0.0,0.0,0.0,0.0,0.0
NumAliphaticHeterocycles,0.0,0.0,0.0,0.0,0.0,0.0,0.0,0.0,0.0,0.0,0.0,0.0,1.0,1.0,1.0,1.0,1.0,1.0,1.0,1.0,2.0,2.0,2.0,0.0,0.0,0.0,0.0,0.0,0.0,0.0,0.0,0.0,0.0,0.0,0.0,0.0,0.0,0.0,0.0,0.0
NumAliphaticRings,0.0,0.0,0.0,0.0,0.0,0.0,0.0,0.0,0.0,0.0,0.0,0.0,1.0,1.0,1.0,1.0,1.0,1.0,1.0,1.0,2.0,2.0,2.0,0.0,0.0,0.0,0.0,0.0,0.0,0.0,0.0,0.0,0.0,0.0,0.0,0.0,0.0,0.0,0.0,0.0
NumAmideBonds,0.0,0.0,0.0,0.0,0.0,0.0,0.0,0.0,0.0,0.0,0.0,0.0,0.0,0.0,0.0,0.0,0.0,0.0,0.0,0.0,0.0,0.0,0.0,0.0,0.0,0.0,0.0,0.0,0.0,0.0,0.0,0.0,0.0,0.0,0.0,0.0,0.0,0.0,0.0,0.0
NumAromaticCarbocycles,0.0,0.0,0.0,0.0,0.0,0.0,0.0,0.0,0.0,0.0,0.0,1.0,0.0,0.0,0.0,0.0,0.0,0.0,0.0,0.0,0.0,0.0,0.0,0.0,0.0,0.0,0.0,0.0,0.0,0.0,0.0,1.0,1.0,2.0,2.0,3.0,0.0,3.0,3.0,0.0
NumAromaticHeterocycles,0.0,0.0,0.0,0.0,0.0,0.0,0.0,0.0,0.0,0.0,0.0,0.0,0.0,0.0,0.0,0.0,0.0,0.0,0.0,0.0,0.0,0.0,0.0,1.0,1.0,1.0,1.0,1.0,1.0,1.0,1.0,1.0,1.0,1.0,1.0,1.0,0.0,0.0,0.0,0.0
NumAromaticRings,0.0,0.0,0.0,0.0,0.0,0.0,0.0,0.0,0.0,0.0,0.0,1.0,0.0,0.0,0.0,0.0,0.0,0.0,0.0,0.0,0.0,0.0,0.0,1.0,1.0,1.0,1.0,1.0,1.0,1.0,1.0,2.0,2.0,3.0,3.0,4.0,0.0,3.0,3.0,0.0
NumAtomStereoCenters,0.0,0.0,0.0,0.0,0.0,0.0,0.0,0.0,0.0,0.0,0.0,0.0,0.0,0.0,0.0,0.0,0.0,0.0,0.0,0.0,0.0,0.0,0.0,0.0,0.0,0.0,0.0,0.0,0.0,0.0,0.0,0.0,0.0,0.0,0.0,0.0,0.0,0.0,0.0,0.0
NumBridgeheadAtoms,0.0,0.0,0.0,0.0,0.0,0.0,0.0,0.0,0.0,0.0,0.0,0.0,0.0,0.0,0.0,0.0,0.0,0.0,0.0,0.0,0.0,0.0,0.0,0.0,0.0,0.0,0.0,0.0,0.0,0.0,0.0,0.0,0.0,0.0,0.0,0.0,0.0,0.0,0.0,0.0
NumHAcceptors,0.0,0.0,0.0,0.0,0.0,0.0,0.0,0.0,0.0,0.0,0.0,0.0,0.0,0.0,0.0,0.0,0.0,0.0,0.0,0.0,0.0,0.0,0.0,0.0,0.0,0.0,0.0,1.0,1.0,1.0,1.0,1.0,1.0,1.0,1.0,1.0,0.0,0.0,0.0,3.0
NumHDonors,1.0,1.0,1.0,1.0,0.0,0.0,0.0,0.0,0.0,0.0,0.0,0.0,0.0,0.0,0.0,0.0,0.0,0.0,0.0,0.0,0.0,0.0,0.0,0.0,0.0,0.0,0.0,0.0,0.0,0.0,0.0,0.0,0.0,0.0,0.0,0.0,0.0,0.0,0.0,1.0
NumHeteroatoms,1.0,1.0,1.0,1.0,1.0,1.0,1.0,1.0,1.0,1.0,1.0,1.0,1.0,1.0,1.0,1.0,1.0,1.0,1.0,1.0,1.0,1.0,1.0,1.0,1.0,1.0,1.0,2.0,2.0,2.0,2.0,2.0,2.0,2.0,2.0,2.0,1.0,1.0,1.0,5.0
NumHeterocycles,0.0,0.0,0.0,0.0,0.0,0.0,0.0,0.0,0.0,0.0,0.0,0.0,1.0,1.0,1.0,1.0,1.0,1.0,1.0,1.0,2.0,2.0,2.0,1.0,1.0,1.0,1.0,1.0,1.0,1.0,1.0,1.0,1.0,1.0,1.0,1.0,0.0,0.0,0.0,0.0
NumRotatableBonds,0.0,0.0,2.0,4.0,0.0,4.0,8.0,1.0,3.0,5.0,1.0,2.0,0.0,1.0,3.0,5.0,0.0,1.0,3.0,5.0,0.0,0.0,2.0,0.0,1.0,3.0,5.0,1.0,3.0,5.0,0.0,1.0,0.0,1.0,2.0,3.0,3.0,3.0,3.0,4.0
NumSaturatedCarbocycles,0.0,0.0,0.0,0.0,0.0,0.0,0.0,0.0,0.0,0.0,0.0,0.0,0.0,0.0,0.0,0.0,0.0,0.0,0.0,0.0,0.0,0.0,0.0,0.0,0.0,0.0,0.0,0.0,0.0,0.0,0.0,0.0,0.0,0.0,0.0,0.0,0.0,0.0,0.0,0.0
NumSaturatedHeterocycles,0.0,0.0,0.0,0.0,0.0,0.0,0.0,0.0,0.0,0.0,0.0,0.0,1.0,1.0,1.0,1.0,1.0,1.0,1.0,1.0,2.0,2.0,2.0,0.0,0.0,0.0,0.0,0.0,0.0,0.0,0.0,0.0,0.0,0.0,0.0,0.0,0.0,0.0,0.0,0.0
NumSaturatedRings,0.0,0.0,0.0,0.0,0.0,0.0,0.0,0.0,0.0,0.0,0.0,0.0,1.0,1.0,1.0,1.0,1.0,1.0,1.0,1.0,2.0,2.0,2.0,0.0,0.0,0.0,0.0,0.0,0.0,0.0,0.0,0.0,0.0,0.0,0.0,0.0,0.0,0.0,0.0,0.0
NumSpiroAtoms,0.0,0.0,0.0,0.0,0.0,0.0,0.0,0.0,0.0,0.0,0.0,0.0,0.0,0.0,0.0,0.0,0.0,0.0,0.0,0.0,1.0,1.0,1.0,0.0,0.0,0.0,0.0,0.0,0.0,0.0,0.0,0.0,0.0,0.0,0.0,0.0,0.0,0.0,0.0,0.0
NumUnspecifiedAtomStereoCenters,0.0,0.0,0.0,0.0,0.0,0.0,0.0,0.0,0.0,0.0,0.0,0.0,0.0,0.0,0.0,0.0,0.0,0.0,0.0,0.0,0.0,0.0,0.0,0.0,0.0,0.0,0.0,0.0,0.0,0.0,0.0,0.0,0.0,0.0,0.0,0.0,0.0,0.0,0.0,0.0
Phi,-25.958400000000072,1.9338666666666668,3.9283200000000007,5.925942857142856,0.9689419539660378,3.869709559523235,7.349251346048065,1.5949555291319857,3.064141525829081,4.707305399328681,2.285530620332268,2.2990145831015694,1.0776461351952873,1.5656550216584546,2.7244624272061584,4.066068834479388,1.5656550216584546,2.118091922589553,3.376136200859838,4.788511330555729,1.2581536134077687,2.1691209566850755,3.4821741368448427,1.0688890822350656,1.6237851268217838,2.935835592011507,4.432325490612533,1.5566540387264896,2.686835899317088,3.9989951516718047,1.5468642937014305,2.349165402189717,1.4312735812972595,2.217317712744787,3.1478334738504308,3.945095601126076,4.73285433070866,3.6617987805543164,3.6701473068172286,4.765877449854499
RingCount,0.0,0.0,0.0,0.0,0.0,0.0,0.0,0.0,0.0,0.0,0.0,1.0,1.0,1.0,1.0,1.0,1.0,1.0,1.0,1.0,2.0,2.0,2.0,1.0,1.0,1.0,1.0,1.0,1.0,1.0,1.0,2.0,2.0,3.0,3.0,4.0,0.0,3.0,3.0,0.0
MolLogP,0.3762,-0.7518,0.028400000000000147,0.8086000000000002,0.3224,1.8827999999999998,3.443200000000002,0.7124999999999999,1.4927000000000001,2.2729,1.7387000000000001,1.8928,0.8565999999999999,1.2467,2.0269,2.807100000000001,1.2467000000000001,1.6368,2.4170000000000007,3.1972000000000023,1.3907999999999998,2.1710000000000003,3.1972000000000023,0.5111,0.994,1.7742,2.554400000000001,0.6409199999999998,1.4211199999999995,2.20132,0.7748599999999997,2.1334400000000002,1.3112199999999998,2.6698000000000013,3.492020000000002,4.850600000000004,1.6643999999999999,4.782000000000004,3.6103000000000023,-0.5066999999999975
MolMR,5.9848,13.429100000000002,22.663100000000004,31.897099999999988,23.95639999999999,42.424400000000006,60.89240000000006,28.573399999999985,37.807399999999994,47.041400000000024,42.354400000000005,48.17840000000003,31.076399999999982,35.69339999999999,44.92740000000002,54.16140000000004,35.69339999999999,40.3104,49.54440000000003,58.778400000000055,38.1964,47.43040000000003,61.211400000000054,27.61799999999999,32.310999999999986,41.545000000000016,50.77900000000004,36.01899999999999,45.25300000000002,54.487000000000045,40.800000000000004,61.49900000000004,48.83200000000003,69.53100000000003,82.19800000000005,102.89700000000002,38.98800000000001,81.48900000000005,91.07200000000005,60.79170000000005
fr_Al_COO,0.0,0.0,0.0,0.0,0.0,0.0,0.0,0.0,0.0,0.0,0.0,0.0,0.0,0.0,0.0,0.0,0.0,0.0,0.0,0.0,0.0,0.0,0.0,0.0,0.0,0.0,0.0,0.0,0.0,0.0,0.0,0.0,0.0,0.0,0.0,0.0,0.0,0.0,0.0,0.0
fr_Al_OH,0.0,0.0,0.0,0.0,0.0,0.0,0.0,0.0,0.0,0.0,0.0,0.0,0.0,0.0,0.0,0.0,0.0,0.0,0.0,0.0,0.0,0.0,0.0,0.0,0.0,0.0,0.0,0.0,0.0,0.0,0.0,0.0,0.0,0.0,0.0,0.0,0.0,0.0,0.0,0.0
fr_Al_OH_noTert,0.0,0.0,0.0,0.0,0.0,0.0,0.0,0.0,0.0,0.0,0.0,0.0,0.0,0.0,0.0,0.0,0.0,0.0,0.0,0.0,0.0,0.0,0.0,0.0,0.0,0.0,0.0,0.0,0.0,0.0,0.0,0.0,0.0,0.0,0.0,0.0,0.0,0.0,0.0,0.0
fr_ArN,0.0,0.0,0.0,0.0,0.0,0.0,0.0,0.0,0.0,0.0,0.0,0.0,0.0,0.0,0.0,0.0,0.0,0.0,0.0,0.0,0.0,0.0,0.0,0.0,0.0,0.0,0.0,0.0,0.0,0.0,0.0,0.0,0.0,0.0,0.0,0.0,0.0,0.0,0.0,0.0
fr_Ar_COO,0.0,0.0,0.0,0.0,0.0,0.0,0.0,0.0,0.0,0.0,0.0,0.0,0.0,0.0,0.0,0.0,0.0,0.0,0.0,0.0,0.0,0.0,0.0,0.0,0.0,0.0,0.0,0.0,0.0,0.0,0.0,0.0,0.0,0.0,0.0,0.0,0.0,0.0,0.0,0.0
fr_Ar_N,0.0,0.0,0.0,0.0,0.0,0.0,0.0,0.0,0.0,0.0,0.0,0.0,0.0,0.0,0.0,0.0,0.0,0.0,0.0,0.0,0.0,0.0,0.0,1.0,1.0,1.0,1.0,2.0,2.0,2.0,2.0,2.0,2.0,2.0,2.0,2.0,0.0,0.0,0.0,0.0
fr_Ar_NH,0.0,0.0,0.0,0.0,0.0,0.0,0.0,0.0,0.0,0.0,0.0,0.0,0.0,0.0,0.0,0.0,0.0,0.0,0.0,0.0,0.0,0.0,0.0,0.0,0.0,0.0,0.0,0.0,0.0,0.0,0.0,0.0,0.0,0.0,0.0,0.0,0.0,0.0,0.0,0.0
fr_Ar_OH,0.0,0.0,0.0,0.0,0.0,0.0,0.0,0.0,0.0,0.0,0.0,0.0,0.0,0.0,0.0,0.0,0.0,0.0,0.0,0.0,0.0,0.0,0.0,0.0,0.0,0.0,0.0,0.0,0.0,0.0,0.0,0.0,0.0,0.0,0.0,0.0,0.0,0.0,0.0,0.0
fr_COO,0.0,0.0,0.0,0.0,0.0,0.0,0.0,0.0,0.0,0.0,0.0,0.0,0.0,0.0,0.0,0.0,0.0,0.0,0.0,0.0,0.0,0.0,0.0,0.0,0.0,0.0,0.0,0.0,0.0,0.0,0.0,0.0,0.0,0.0,0.0,0.0,0.0,0.0,0.0,0.0
fr_COO2,0.0,0.0,0.0,0.0,0.0,0.0,0.0,0.0,0.0,0.0,0.0,0.0,0.0,0.0,0.0,0.0,0.0,0.0,0.0,0.0,0.0,0.0,0.0,0.0,0.0,0.0,0.0,0.0,0.0,0.0,0.0,0.0,0.0,0.0,0.0,0.0,0.0,0.0,0.0,0.0
fr_C_O,0.0,0.0,0.0,0.0,0.0,0.0,0.0,0.0,0.0,0.0,0.0,0.0,0.0,0.0,0.0,0.0,0.0,0.0,0.0,0.0,0.0,0.0,0.0,0.0,0.0,0.0,0.0,0.0,0.0,0.0,0.0,0.0,0.0,0.0,0.0,0.0,0.0,0.0,0.0,0.0
fr_C_O_noCOO,0.0,0.0,0.0,0.0,0.0,0.0,0.0,0.0,0.0,0.0,0.0,0.0,0.0,0.0,0.0,0.0,0.0,0.0,0.0,0.0,0.0,0.0,0.0,0.0,0.0,0.0,0.0,0.0,0.0,0.0,0.0,0.0,0.0,0.0,0.0,0.0,0.0,0.0,0.0,0.0
fr_C_S,0.0,0.0,0.0,0.0,0.0,0.0,0.0,0.0,0.0,0.0,0.0,0.0,0.0,0.0,0.0,0.0,0.0,0.0,0.0,0.0,0.0,0.0,0.0,0.0,0.0,0.0,0.0,0.0,0.0,0.0,0.0,0.0,0.0,0.0,0.0,0.0,0.0,0.0,0.0,0.0
fr_HOCCN,0.0,0.0,0.0,0.0,0.0,0.0,0.0,0.0,0.0,0.0,0.0,0.0,0.0,0.0,0.0,0.0,0.0,0.0,0.0,0.0,0.0,0.0,0.0,0.0,0.0,0.0,0.0,0.0,0.0,0.0,0.0,0.0,0.0,0.0,0.0,0.0,0.0,0.0,0.0,0.0
fr_Imine,0.0,0.0,0.0,0.0,0.0,0.0,0.0,0.0,0.0,0.0,0.0,0.0,0.0,0.0,0.0,0.0,0.0,0.0,0.0,0.0,0.0,0.0,0.0,0.0,0.0,0.0,0.0,0.0,0.0,0.0,0.0,0.0,0.0,0.0,0.0,0.0,0.0,0.0,0.0,0.0
fr_NH0,0.0,0.0,0.0,0.0,1.0,1.0,1.0,1.0,1.0,1.0,1.0,1.0,1.0,1.0,1.0,1.0,1.0,1.0,1.0,1.0,1.0,1.0,1.0,1.0,1.0,1.0,1.0,2.0,2.0,2.0,2.0,2.0,2.0,2.0,2.0,2.0,0.0,0.0,0.0,3.0
fr_NH1,0.0,0.0,0.0,0.0,0.0,0.0,0.0,0.0,0.0,0.0,0.0,0.0,0.0,0.0,0.0,0.0,0.0,0.0,0.0,0.0,0.0,0.0,0.0,0.0,0.0,0.0,0.0,0.0,0.0,0.0,0.0,0.0,0.0,0.0,0.0,0.0,0.0,0.0,0.0,1.0
fr_NH2,0.0,0.0,0.0,0.0,0.0,0.0,0.0,0.0,0.0,0.0,0.0,0.0,0.0,0.0,0.0,0.0,0.0,0.0,0.0,0.0,0.0,0.0,0.0,0.0,0.0,0.0,0.0,0.0,0.0,0.0,0.0,0.0,0.0,0.0,0.0,0.0,0.0,0.0,0.0,0.0
fr_N_O,0.0,0.0,0.0,0.0,0.0,0.0,0.0,0.0,0.0,0.0,0.0,0.0,0.0,0.0,0.0,0.0,0.0,0.0,0.0,0.0,0.0,0.0,0.0,0.0,0.0,0.0,0.0,0.0,0.0,0.0,0.0,0.0,0.0,0.0,0.0,0.0,0.0,0.0,0.0,0.0
fr_Ndealkylation1,0.0,0.0,0.0,0.0,0.0,0.0,0.0,0.0,0.0,0.0,0.0,0.0,0.0,0.0,0.0,0.0,0.0,0.0,0.0,0.0,0.0,0.0,0.0,0.0,0.0,0.0,0.0,0.0,0.0,0.0,0.0,0.0,0.0,0.0,0.0,0.0,0.0,0.0,0.0,0.0
fr_Ndealkylation2,0.0,0.0,0.0,0.0,0.0,0.0,0.0,0.0,0.0,0.0,0.0,0.0,1.0,1.0,1.0,1.0,1.0,1.0,1.0,1.0,0.0,0.0,0.0,0.0,0.0,0.0,0.0,0.0,0.0,0.0,0.0,0.0,0.0,0.0,0.0,0.0,0.0,0.0,0.0,0.0
fr_Nhpyrrole,0.0,0.0,0.0,0.0,0.0,0.0,0.0,0.0,0.0,0.0,0.0,0.0,0.0,0.0,0.0,0.0,0.0,0.0,0.0,0.0,0.0,0.0,0.0,0.0,0.0,0.0,0.0,0.0,0.0,0.0,0.0,0.0,0.0,0.0,0.0,0.0,0.0,0.0,0.0,0.0
fr_SH,0.0,0.0,0.0,0.0,0.0,0.0,0.0,0.0,0.0,0.0,0.0,0.0,0.0,0.0,0.0,0.0,0.0,0.0,0.0,0.0,0.0,0.0,0.0,0.0,0.0,0.0,0.0,0.0,0.0,0.0,0.0,0.0,0.0,0.0,0.0,0.0,0.0,0.0,0.0,0.0
fr_aldehyde,0.0,0.0,0.0,0.0,0.0,0.0,0.0,0.0,0.0,0.0,0.0,0.0,0.0,0.0,0.0,0.0,0.0,0.0,0.0,0.0,0.0,0.0,0.0,0.0,0.0,0.0,0.0,0.0,0.0,0.0,0.0,0.0,0.0,0.0,0.0,0.0,0.0,0.0,0.0,0.0
fr_alkyl_carbamate,0.0,0.0,0.0,0.0,0.0,0.0,0.0,0.0,0.0,0.0,0.0,0.0,0.0,0.0,0.0,0.0,0.0,0.0,0.0,0.0,0.0,0.0,0.0,0.0,0.0,0.0,0.0,0.0,0.0,0.0,0.0,0.0,0.0,0.0,0.0,0.0,0.0,0.0,0.0,0.0
fr_alkyl_halide,0.0,0.0,0.0,0.0,0.0,0.0,0.0,0.0,0.0,0.0,0.0,0.0,0.0,0.0,0.0,0.0,0.0,0.0,0.0,0.0,0.0,0.0,0.0,0.0,0.0,0.0,0.0,0.0,0.0,0.0,0.0,0.0,0.0,0.0,0.0,0.0,0.0,0.0,0.0,0.0
fr_allylic_oxid,0.0,0.0,0.0,0.0,0.0,0.0,0.0,0.0,0.0,0.0,0.0,0.0,0.0,0.0,0.0,0.0,0.0,0.0,0.0,0.0,0.0,0.0,0.0,0.0,0.0,0.0,0.0,0.0,0.0,0.0,0.0,0.0,0.0,0.0,0.0,0.0,0.0,0.0,0.0,0.0
fr_amide,0.0,0.0,0.0,0.0,0.0,0.0,0.0,0.0,0.0,0.0,0.0,0.0,0.0,0.0,0.0,0.0,0.0,0.0,0.0,0.0,0.0,0.0,0.0,0.0,0.0,0.0,0.0,0.0,0.0,0.0,0.0,0.0,0.0,0.0,0.0,0.0,0.0,0.0,0.0,0.0
fr_amidine,0.0,0.0,0.0,0.0,0.0,0.0,0.0,0.0,0.0,0.0,0.0,0.0,0.0,0.0,0.0,0.0,0.0,0.0,0.0,0.0,0.0,0.0,0.0,0.0,0.0,0.0,0.0,0.0,0.0,0.0,0.0,0.0,0.0,0.0,0.0,0.0,0.0,0.0,0.0,0.0
fr_aniline,0.0,0.0,0.0,0.0,0.0,0.0,0.0,0.0,0.0,0.0,0.0,0.0,0.0,0.0,0.0,0.0,0.0,0.0,0.0,0.0,0.0,0.0,0.0,0.0,0.0,0.0,0.0,0.0,0.0,0.0,0.0,0.0,0.0,0.0,0.0,0.0,0.0,0.0,0.0,0.0
fr_aryl_methyl,0.0,0.0,0.0,0.0,0.0,0.0,0.0,0.0,0.0,0.0,0.0,0.0,0.0,0.0,0.0,0.0,0.0,0.0,0.0,0.0,0.0,0.0,0.0,1.0,1.0,1.0,1.0,2.0,2.0,2.0,0.0,0.0,2.0,2.0,0.0,0.0,0.0,0.0,0.0,0.0
fr_azide,0.0,0.0,0.0,0.0,0.0,0.0,0.0,0.0,0.0,0.0,0.0,0.0,0.0,0.0,0.0,0.0,0.0,0.0,0.0,0.0,0.0,0.0,0.0,0.0,0.0,0.0,0.0,0.0,0.0,0.0,0.0,0.0,0.0,0.0,0.0,0.0,0.0,0.0,0.0,0.0
fr_azo,0.0,0.0,0.0,0.0,0.0,0.0,0.0,0.0,0.0,0.0,0.0,0.0,0.0,0.0,0.0,0.0,0.0,0.0,0.0,0.0,0.0,0.0,0.0,0.0,0.0,0.0,0.0,0.0,0.0,0.0,0.0,0.0,0.0,0.0,0.0,0.0,0.0,0.0,0.0,0.0
fr_barbitur,0.0,0.0,0.0,0.0,0.0,0.0,0.0,0.0,0.0,0.0,0.0,0.0,0.0,0.0,0.0,0.0,0.0,0.0,0.0,0.0,0.0,0.0,0.0,0.0,0.0,0.0,0.0,0.0,0.0,0.0,0.0,0.0,0.0,0.0,0.0,0.0,0.0,0.0,0.0,0.0
fr_benzene,0.0,0.0,0.0,0.0,0.0,0.0,0.0,0.0,0.0,0.0,0.0,1.0,0.0,0.0,0.0,0.0,0.0,0.0,0.0,0.0,0.0,0.0,0.0,0.0,0.0,0.0,0.0,0.0,0.0,0.0,0.0,1.0,1.0,2.0,2.0,3.0,0.0,3.0,3.0,0.0
fr_benzodiazepine,0.0,0.0,0.0,0.0,0.0,0.0,0.0,0.0,0.0,0.0,0.0,0.0,0.0,0.0,0.0,0.0,0.0,0.0,0.0,0.0,0.0,0.0,0.0,0.0,0.0,0.0,0.0,0.0,0.0,0.0,0.0,0.0,0.0,0.0,0.0,0.0,0.0,0.0,0.0,0.0
fr_bicyclic,0.0,0.0,0.0,0.0,0.0,0.0,0.0,0.0,0.0,0.0,0.0,0.0,0.0,0.0,0.0,0.0,0.0,0.0,0.0,0.0,0.0,0.0,0.0,0.0,0.0,0.0,0.0,0.0,0.0,0.0,0.0,0.0,1.0,1.0,0.0,0.0,0.0,0.0,0.0,0.0
fr_diazo,0.0,0.0,0.0,0.0,0.0,0.0,0.0,0.0,0.0,0.0,0.0,0.0,0.0,0.0,0.0,0.0,0.0,0.0,0.0,0.0,0.0,0.0,0.0,0.0,0.0,0.0,0.0,0.0,0.0,0.0,0.0,0.0,0.0,0.0,0.0,0.0,0.0,0.0,0.0,0.0
fr_dihydropyridine,0.0,0.0,0.0,0.0,0.0,0.0,0.0,0.0,0.0,0.0,0.0,0.0,0.0,0.0,0.0,0.0,0.0,0.0,0.0,0.0,0.0,0.0,0.0,0.0,0.0,0.0,0.0,0.0,0.0,0.0,0.0,0.0,0.0,0.0,0.0,0.0,0.0,0.0,0.0,0.0
fr_epoxide,0.0,0.0,0.0,0.0,0.0,0.0,0.0,0.0,0.0,0.0,0.0,0.0,0.0,0.0,0.0,0.0,0.0,0.0,0.0,0.0,0.0,0.0,0.0,0.0,0.0,0.0,0.0,0.0,0.0,0.0,0.0,0.0,0.0,0.0,0.0,0.0,0.0,0.0,0.0,0.0
fr_ester,0.0,0.0,0.0,0.0,0.0,0.0,0.0,0.0,0.0,0.0,0.0,0.0,0.0,0.0,0.0,0.0,0.0,0.0,0.0,0.0,0.0,0.0,0.0,0.0,0.0,0.0,0.0,0.0,0.0,0.0,0.0,0.0,0.0,0.0,0.0,0.0,0.0,0.0,0.0,0.0
fr_ether,0.0,0.0,0.0,0.0,0.0,0.0,0.0,0.0,0.0,0.0,0.0,0.0,0.0,0.0,0.0,0.0,0.0,0.0,0.0,0.0,0.0,0.0,0.0,0.0,0.0,0.0,0.0,0.0,0.0,0.0,0.0,0.0,0.0,0.0,0.0,0.0,0.0,0.0,0.0,0.0
fr_furan,0.0,0.0,0.0,0.0,0.0,0.0,0.0,0.0,0.0,0.0,0.0,0.0,0.0,0.0,0.0,0.0,0.0,0.0,0.0,0.0,0.0,0.0,0.0,0.0,0.0,0.0,0.0,0.0,0.0,0.0,0.0,0.0,0.0,0.0,0.0,0.0,0.0,0.0,0.0,0.0
fr_guanido,0.0,0.0,0.0,0.0,0.0,0.0,0.0,0.0,0.0,0.0,0.0,0.0,0.0,0.0,0.0,0.0,0.0,0.0,0.0,0.0,0.0,0.0,0.0,0.0,0.0,0.0,0.0,0.0,0.0,0.0,0.0,0.0,0.0,0.0,0.0,0.0,0.0,0.0,0.0,0.0
fr_halogen,0.0,0.0,0.0,0.0,0.0,0.0,0.0,0.0,0.0,0.0,0.0,0.0,0.0,0.0,0.0,0.0,0.0,0.0,0.0,0.0,0.0,0.0,0.0,0.0,0.0,0.0,0.0,0.0,0.0,0.0,0.0,0.0,0.0,0.0,0.0,0.0,0.0,0.0,0.0,0.0
fr_hdrzine,0.0,0.0,0.0,0.0,0.0,0.0,0.0,0.0,0.0,0.0,0.0,0.0,0.0,0.0,0.0,0.0,0.0,0.0,0.0,0.0,0.0,0.0,0.0,0.0,0.0,0.0,0.0,0.0,0.0,0.0,0.0,0.0,0.0,0.0,0.0,0.0,0.0,0.0,0.0,0.0
fr_hdrzone,0.0,0.0,0.0,0.0,0.0,0.0,0.0,0.0,0.0,0.0,0.0,0.0,0.0,0.0,0.0,0.0,0.0,0.0,0.0,0.0,0.0,0.0,0.0,0.0,0.0,0.0,0.0,0.0,0.0,0.0,0.0,0.0,0.0,0.0,0.0,0.0,0.0,0.0,0.0,0.0
fr_imidazole,0.0,0.0,0.0,0.0,0.0,0.0,0.0,0.0,0.0,0.0,0.0,0.0,0.0,0.0,0.0,0.0,0.0,0.0,0.0,0.0,0.0,0.0,0.0,0.0,0.0,0.0,0.0,1.0,1.0,1.0,1.0,1.0,1.0,1.0,1.0,1.0,0.0,0.0,0.0,0.0
fr_imide,0.0,0.0,0.0,0.0,0.0,0.0,0.0,0.0,0.0,0.0,0.0,0.0,0.0,0.0,0.0,0.0,0.0,0.0,0.0,0.0,0.0,0.0,0.0,0.0,0.0,0.0,0.0,0.0,0.0,0.0,0.0,0.0,0.0,0.0,0.0,0.0,0.0,0.0,0.0,0.0
fr_isocyan,0.0,0.0,0.0,0.0,0.0,0.0,0.0,0.0,0.0,0.0,0.0,0.0,0.0,0.0,0.0,0.0,0.0,0.0,0.0,0.0,0.0,0.0,0.0,0.0,0.0,0.0,0.0,0.0,0.0,0.0,0.0,0.0,0.0,0.0,0.0,0.0,0.0,0.0,0.0,0.0
fr_isothiocyan,0.0,0.0,0.0,0.0,0.0,0.0,0.0,0.0,0.0,0.0,0.0,0.0,0.0,0.0,0.0,0.0,0.0,0.0,0.0,0.0,0.0,0.0,0.0,0.0,0.0,0.0,0.0,0.0,0.0,0.0,0.0,0.0,0.0,0.0,0.0,0.0,0.0,0.0,0.0,0.0
fr_ketone,0.0,0.0,0.0,0.0,0.0,0.0,0.0,0.0,0.0,0.0,0.0,0.0,0.0,0.0,0.0,0.0,0.0,0.0,0.0,0.0,0.0,0.0,0.0,0.0,0.0,0.0,0.0,0.0,0.0,0.0,0.0,0.0,0.0,0.0,0.0,0.0,0.0,0.0,0.0,0.0
fr_ketone_Topliss,0.0,0.0,0.0,0.0,0.0,0.0,0.0,0.0,0.0,0.0,0.0,0.0,0.0,0.0,0.0,0.0,0.0,0.0,0.0,0.0,0.0,0.0,0.0,0.0,0.0,0.0,0.0,0.0,0.0,0.0,0.0,0.0,0.0,0.0,0.0,0.0,0.0,0.0,0.0,0.0
fr_lactam,0.0,0.0,0.0,0.0,0.0,0.0,0.0,0.0,0.0,0.0,0.0,0.0,0.0,0.0,0.0,0.0,0.0,0.0,0.0,0.0,0.0,0.0,0.0,0.0,0.0,0.0,0.0,0.0,0.0,0.0,0.0,0.0,0.0,0.0,0.0,0.0,0.0,0.0,0.0,0.0
fr_lactone,0.0,0.0,0.0,0.0,0.0,0.0,0.0,0.0,0.0,0.0,0.0,0.0,0.0,0.0,0.0,0.0,0.0,0.0,0.0,0.0,0.0,0.0,0.0,0.0,0.0,0.0,0.0,0.0,0.0,0.0,0.0,0.0,0.0,0.0,0.0,0.0,0.0,0.0,0.0,0.0
fr_methoxy,0.0,0.0,0.0,0.0,0.0,0.0,0.0,0.0,0.0,0.0,0.0,0.0,0.0,0.0,0.0,0.0,0.0,0.0,0.0,0.0,0.0,0.0,0.0,0.0,0.0,0.0,0.0,0.0,0.0,0.0,0.0,0.0,0.0,0.0,0.0,0.0,0.0,0.0,0.0,0.0
fr_morpholine,0.0,0.0,0.0,0.0,0.0,0.0,0.0,0.0,0.0,0.0,0.0,0.0,0.0,0.0,0.0,0.0,0.0,0.0,0.0,0.0,0.0,0.0,0.0,0.0,0.0,0.0,0.0,0.0,0.0,0.0,0.0,0.0,0.0,0.0,0.0,0.0,0.0,0.0,0.0,0.0
fr_nitrile,0.0,0.0,0.0,0.0,0.0,0.0,0.0,0.0,0.0,0.0,0.0,0.0,0.0,0.0,0.0,0.0,0.0,0.0,0.0,0.0,0.0,0.0,0.0,0.0,0.0,0.0,0.0,0.0,0.0,0.0,0.0,0.0,0.0,0.0,0.0,0.0,0.0,0.0,0.0,0.0
fr_nitro,0.0,0.0,0.0,0.0,0.0,0.0,0.0,0.0,0.0,0.0,0.0,0.0,0.0,0.0,0.0,0.0,0.0,0.0,0.0,0.0,0.0,0.0,0.0,0.0,0.0,0.0,0.0,0.0,0.0,0.0,0.0,0.0,0.0,0.0,0.0,0.0,0.0,0.0,0.0,0.0
fr_nitro_arom,0.0,0.0,0.0,0.0,0.0,0.0,0.0,0.0,0.0,0.0,0.0,0.0,0.0,0.0,0.0,0.0,0.0,0.0,0.0,0.0,0.0,0.0,0.0,0.0,0.0,0.0,0.0,0.0,0.0,0.0,0.0,0.0,0.0,0.0,0.0,0.0,0.0,0.0,0.0,0.0
fr_nitro_arom_nonortho,0.0,0.0,0.0,0.0,0.0,0.0,0.0,0.0,0.0,0.0,0.0,0.0,0.0,0.0,0.0,0.0,0.0,0.0,0.0,0.0,0.0,0.0,0.0,0.0,0.0,0.0,0.0,0.0,0.0,0.0,0.0,0.0,0.0,0.0,0.0,0.0,0.0,0.0,0.0,0.0
fr_nitroso,0.0,0.0,0.0,0.0,0.0,0.0,0.0,0.0,0.0,0.0,0.0,0.0,0.0,0.0,0.0,0.0,0.0,0.0,0.0,0.0,0.0,0.0,0.0,0.0,0.0,0.0,0.0,0.0,0.0,0.0,0.0,0.0,0.0,0.0,0.0,0.0,0.0,0.0,0.0,0.0
fr_oxazole,0.0,0.0,0.0,0.0,0.0,0.0,0.0,0.0,0.0,0.0,0.0,0.0,0.0,0.0,0.0,0.0,0.0,0.0,0.0,0.0,0.0,0.0,0.0,0.0,0.0,0.0,0.0,0.0,0.0,0.0,0.0,0.0,0.0,0.0,0.0,0.0,0.0,0.0,0.0,0.0
fr_oxime,0.0,0.0,0.0,0.0,0.0,0.0,0.0,0.0,0.0,0.0,0.0,0.0,0.0,0.0,0.0,0.0,0.0,0.0,0.0,0.0,0.0,0.0,0.0,0.0,0.0,0.0,0.0,0.0,0.0,0.0,0.0,0.0,0.0,0.0,0.0,0.0,0.0,0.0,0.0,0.0
fr_para_hydroxylation,0.0,0.0,0.0,0.0,0.0,0.0,0.0,0.0,0.0,0.0,0.0,0.0,0.0,0.0,0.0,0.0,0.0,0.0,0.0,0.0,0.0,0.0,0.0,0.0,0.0,0.0,0.0,0.0,0.0,0.0,0.0,0.0,2.0,2.0,0.0,0.0,0.0,0.0,0.0,0.0
fr_phenol,0.0,0.0,0.0,0.0,0.0,0.0,0.0,0.0,0.0,0.0,0.0,0.0,0.0,0.0,0.0,0.0,0.0,0.0,0.0,0.0,0.0,0.0,0.0,0.0,0.0,0.0,0.0,0.0,0.0,0.0,0.0,0.0,0.0,0.0,0.0,0.0,0.0,0.0,0.0,0.0
fr_phenol_noOrthoHbond,0.0,0.0,0.0,0.0,0.0,0.0,0.0,0.0,0.0,0.0,0.0,0.0,0.0,0.0,0.0,0.0,0.0,0.0,0.0,0.0,0.0,0.0,0.0,0.0,0.0,0.0,0.0,0.0,0.0,0.0,0.0,0.0,0.0,0.0,0.0,0.0,0.0,0.0,0.0,0.0
fr_phos_acid,0.0,0.0,0.0,0.0,0.0,0.0,0.0,0.0,0.0,0.0,0.0,0.0,0.0,0.0,0.0,0.0,0.0,0.0,0.0,0.0,0.0,0.0,0.0,0.0,0.0,0.0,0.0,0.0,0.0,0.0,0.0,0.0,0.0,0.0,0.0,0.0,0.0,0.0,0.0,0.0
fr_phos_ester,0.0,0.0,0.0,0.0,0.0,0.0,0.0,0.0,0.0,0.0,0.0,0.0,0.0,0.0,0.0,0.0,0.0,0.0,0.0,0.0,0.0,0.0,0.0,0.0,0.0,0.0,0.0,0.0,0.0,0.0,0.0,0.0,0.0,0.0,0.0,0.0,0.0,0.0,0.0,0.0
fr_piperdine,0.0,0.0,0.0,0.0,0.0,0.0,0.0,0.0,0.0,0.0,0.0,0.0,0.0,0.0,0.0,0.0,1.0,1.0,1.0,1.0,0.0,2.0,2.0,0.0,0.0,0.0,0.0,0.0,0.0,0.0,0.0,0.0,0.0,0.0,0.0,0.0,0.0,0.0,0.0,0.0
fr_piperzine,0.0,0.0,0.0,0.0,0.0,0.0,0.0,0.0,0.0,0.0,0.0,0.0,0.0,0.0,0.0,0.0,0.0,0.0,0.0,0.0,0.0,0.0,0.0,0.0,0.0,0.0,0.0,0.0,0.0,0.0,0.0,0.0,0.0,0.0,0.0,0.0,0.0,0.0,0.0,0.0
fr_priamide,0.0,0.0,0.0,0.0,0.0,0.0,0.0,0.0,0.0,0.0,0.0,0.0,0.0,0.0,0.0,0.0,0.0,0.0,0.0,0.0,0.0,0.0,0.0,0.0,0.0,0.0,0.0,0.0,0.0,0.0,0.0,0.0,0.0,0.0,0.0,0.0,0.0,0.0,0.0,0.0
fr_prisulfonamd,0.0,0.0,0.0,0.0,0.0,0.0,0.0,0.0,0.0,0.0,0.0,0.0,0.0,0.0,0.0,0.0,0.0,0.0,0.0,0.0,0.0,0.0,0.0,0.0,0.0,0.0,0.0,0.0,0.0,0.0,0.0,0.0,0.0,0.0,0.0,0.0,0.0,0.0,0.0,0.0
fr_pyridine,0.0,0.0,0.0,0.0,0.0,0.0,0.0,0.0,0.0,0.0,0.0,0.0,0.0,0.0,0.0,0.0,0.0,0.0,0.0,0.0,0.0,0.0,0.0,1.0,1.0,1.0,1.0,0.0,0.0,0.0,0.0,0.0,0.0,0.0,0.0,0.0,0.0,0.0,0.0,0.0
fr_quatN,1.0,1.0,1.0,1.0,1.0,1.0,1.0,1.0,1.0,1.0,1.0,1.0,1.0,1.0,1.0,1.0,1.0,1.0,1.0,1.0,1.0,1.0,1.0,0.0,0.0,0.0,0.0,0.0,0.0,0.0,0.0,0.0,0.0,0.0,0.0,0.0,0.0,0.0,0.0,1.0
fr_sulfide,0.0,0.0,0.0,0.0,0.0,0.0,0.0,0.0,0.0,0.0,0.0,0.0,0.0,0.0,0.0,0.0,0.0,0.0,0.0,0.0,0.0,0.0,0.0,0.0,0.0,0.0,0.0,0.0,0.0,0.0,0.0,0.0,0.0,0.0,0.0,0.0,0.0,0.0,0.0,0.0
fr_sulfonamd,0.0,0.0,0.0,0.0,0.0,0.0,0.0,0.0,0.0,0.0,0.0,0.0,0.0,0.0,0.0,0.0,0.0,0.0,0.0,0.0,0.0,0.0,0.0,0.0,0.0,0.0,0.0,0.0,0.0,0.0,0.0,0.0,0.0,0.0,0.0,0.0,0.0,0.0,0.0,0.0
fr_sulfone,0.0,0.0,0.0,0.0,0.0,0.0,0.0,0.0,0.0,0.0,0.0,0.0,0.0,0.0,0.0,0.0,0.0,0.0,0.0,0.0,0.0,0.0,0.0,0.0,0.0,0.0,0.0,0.0,0.0,0.0,0.0,0.0,0.0,0.0,0.0,0.0,0.0,0.0,0.0,0.0
fr_term_acetylene,0.0,0.0,0.0,0.0,0.0,0.0,0.0,0.0,0.0,0.0,0.0,0.0,0.0,0.0,0.0,0.0,0.0,0.0,0.0,0.0,0.0,0.0,0.0,0.0,0.0,0.0,0.0,0.0,0.0,0.0,0.0,0.0,0.0,0.0,0.0,0.0,0.0,0.0,0.0,0.0
fr_tetrazole,0.0,0.0,0.0,0.0,0.0,0.0,0.0,0.0,0.0,0.0,0.0,0.0,0.0,0.0,0.0,0.0,0.0,0.0,0.0,0.0,0.0,0.0,0.0,0.0,0.0,0.0,0.0,0.0,0.0,0.0,0.0,0.0,0.0,0.0,0.0,0.0,0.0,0.0,0.0,0.0
fr_thiazole,0.0,0.0,0.0,0.0,0.0,0.0,0.0,0.0,0.0,0.0,0.0,0.0,0.0,0.0,0.0,0.0,0.0,0.0,0.0,0.0,0.0,0.0,0.0,0.0,0.0,0.0,0.0,0.0,0.0,0.0,0.0,0.0,0.0,0.0,0.0,0.0,0.0,0.0,0.0,0.0
fr_thiocyan,0.0,0.0,0.0,0.0,0.0,0.0,0.0,0.0,0.0,0.0,0.0,0.0,0.0,0.0,0.0,0.0,0.0,0.0,0.0,0.0,0.0,0.0,0.0,0.0,0.0,0.0,0.0,0.0,0.0,0.0,0.0,0.0,0.0,0.0,0.0,0.0,0.0,0.0,0.0,0.0
fr_thiophene,0.0,0.0,0.0,0.0,0.0,0.0,0.0,0.0,0.0,0.0,0.0,0.0,0.0,0.0,0.0,0.0,0.0,0.0,0.0,0.0,0.0,0.0,0.0,0.0,0.0,0.0,0.0,0.0,0.0,0.0,0.0,0.0,0.0,0.0,0.0,0.0,0.0,0.0,0.0,0.0
fr_unbrch_alkane,0.0,0.0,1.0,3.0,0.0,0.0,0.0,0.0,1.0,3.0,0.0,0.0,0.0,0.0,1.0,3.0,0.0,0.0,1.0,3.0,0.0,0.0,0.0,0.0,0.0,1.0,3.0,0.0,1.0,3.0,0.0,0.0,0.0,0.0,0.0,0.0,0.0,0.0,0.0,0.0
fr_urea,0.0,0.0,0.0,0.0,0.0,0.0,0.0,0.0,0.0,0.0,0.0,0.0,0.0,0.0,0.0,0.0,0.0,0.0,0.0,0.0,0.0,0.0,0.0,0.0,0.0,0.0,0.0,0.0,0.0,0.0,0.0,0.0,0.0,0.0,0.0,0.0,0.0,0.0,0.0,0.0
