,SMILES,MolWt,HeavyAtomMolWt,#ValenceElectrons,#TertiaryAmines,#SecondaryAmines,#PrimaryAmines,QuaternaryN,Molar Refractivity,PC,TPSA,NumHDonors,NumHAcceptors,RingCount,AromaticCount,Fraction
0,[NH4+],18.03382554809,14.007,8.0,0.0,0.0,0.0,1.0,5.9848,0.0,36.5,1.0,0.0,0.0,0.0,0.0
1,CC[NH3+],46.06512567608999,38.028999999999996,20.0,0.0,0.0,0.0,1.0,13.429100000000002,0.0,27.64,1.0,0.0,0.0,0.0,1.0
2,CCCC[NH3+],74.09642580408999,62.050999999999995,32.0,0.0,0.0,0.0,1.0,22.663100000000004,2.0,27.64,1.0,0.0,0.0,0.0,1.0
3,CCCCCC[NH3+],102.12772593208999,86.073,44.0,0.0,0.0,0.0,1.0,31.897099999999988,4.0,27.64,1.0,0.0,0.0,0.0,1.0
4,C[N+](C)(C)(C),74.09642580408999,62.05099999999999,32.0,1.0,0.0,0.0,1.0,23.95639999999999,0.0,0.0,0.0,0.0,0.0,0.0,1.0
5,CC[N+](CC)(CC)(CC),130.15902606008999,110.09499999999997,56.0,1.0,0.0,0.0,1.0,42.424400000000006,4.0,0.0,0.0,0.0,0.0,0.0,1.0
6,CCC[N+](CCC)(CCC)(CCC),186.22162631609,158.13899999999998,80.0,1.0,0.0,0.0,1.0,60.89240000000006,8.0,0.0,0.0,0.0,0.0,0.0,1.0
7,CC[N+](C)(C)(C),88.11207586808999,74.06199999999998,38.0,1.0,0.0,0.0,1.0,28.573399999999985,1.0,0.0,0.0,0.0,0.0,0.0,1.0
8,CCCC[N+](C)(C)(C),116.14337599608999,98.08399999999999,50.0,1.0,0.0,0.0,1.0,37.807399999999994,3.0,0.0,0.0,0.0,0.0,0.0,1.0
9,CCCCCC[N+](C)(C)(C),144.17467612408998,122.10599999999998,62.0,1.0,0.0,0.0,1.0,47.041400000000024,5.0,0.0,0.0,0.0,0.0,0.0,1.0
10,C(C)(C)(C)C[N+](C)(C)(C),130.15902606008999,110.09499999999998,56.0,1.0,0.0,0.0,1.0,42.354400000000005,1.0,0.0,0.0,0.0,0.0,0.0,1.0
11,C1=CC=CC=C1C[N+](C)(C)(C),150.12772593209,134.117,60.0,1.0,0.0,0.0,1.0,48.17840000000003,2.0,0.0,0.0,0.0,1.0,1.0,0.4
12,C1CC[N+](C)(C)C1,100.11207586808999,86.073,42.0,1.0,0.0,0.0,1.0,31.076399999999982,0.0,0.0,0.0,0.0,1.0,0.0,1.0
13,C1CC[N+](C)(CC)C1,114.12772593208999,98.08399999999999,48.0,1.0,0.0,0.0,1.0,35.69339999999999,1.0,0.0,0.0,0.0,1.0,0.0,1.0
14,C1CC[N+](C)(CCCC)C1,142.15902606008999,122.10599999999998,60.0,1.0,0.0,0.0,1.0,44.92740000000002,3.0,0.0,0.0,0.0,1.0,0.0,1.0
15,C1CC[N+](C)(CCCCCC)C1,170.19032618808998,146.128,72.0,1.0,0.0,0.0,1.0,54.16140000000004,5.0,0.0,0.0,0.0,1.0,0.0,1.0
16,C1CCC[N+](C)(C)C1,114.12772593208999,98.08399999999999,48.0,1.0,0.0,0.0,1.0,35.69339999999999,0.0,0.0,0.0,0.0,1.0,0.0,1.0
17,C1CCC[N+](CC)(C)C1,128.14337599609,110.09499999999998,54.0,1.0,0.0,0.0,1.0,40.3104,1.0,0.0,0.0,0.0,1.0,0.0,1.0
18,C1CCC[N+](CCCC)(C)C1,156.17467612408998,134.117,66.0,1.0,0.0,0.0,1.0,49.54440000000003,3.0,0.0,0.0,0.0,1.0,0.0,1.0
19,C1CCC[N+](CCCCCC)(C)C1,184.20597625208998,158.13899999999998,78.0,1.0,0.0,0.0,1.0,58.778400000000055,5.0,0.0,0.0,0.0,1.0,0.0,1.0
20,C1CC[N+](C2)(CCC2)C1,126.12772593208999,110.09499999999998,52.0,1.0,0.0,0.0,1.0,38.1964,0.0,0.0,0.0,0.0,2.0,0.0,1.0
21,C1CCC[N+](C2)(CCCC2)C1,154.15902606008999,134.117,64.0,1.0,0.0,0.0,1.0,47.43040000000003,0.0,0.0,0.0,0.0,2.0,0.0,1.0
22,C1CCC[N+](C2)(CCC(CCC)C2)C1,196.20597625208998,170.14999999999998,82.0,1.0,0.0,0.0,1.0,61.211400000000054,2.0,0.0,0.0,0.0,2.0,0.0,1.0
23,C1=CC=C[N+](C)=C1,94.06512567608999,86.073,36.0,1.0,0.0,0.0,0.0,27.61799999999999,0.0,3.88,0.0,0.0,1.0,1.0,0.16666666666666666
24,C1=CC=C[N+](CC)=C1,108.08077574008999,98.08399999999999,42.0,1.0,0.0,0.0,0.0,32.310999999999986,1.0,3.88,0.0,0.0,1.0,1.0,0.2857142857142857
25,C1=CC=C[N+](CCCC)=C1,136.11207586809,122.10599999999998,54.0,1.0,0.0,0.0,0.0,41.545000000000016,3.0,3.88,0.0,0.0,1.0,1.0,0.4444444444444444
26,C1=CC=C[N+](CCCCCC)=C1,164.14337599609,146.128,66.0,1.0,0.0,0.0,0.0,50.77900000000004,5.0,3.88,0.0,0.0,1.0,1.0,0.5454545454545454
27,CN1C=C[N+](CC)=C1(C),125.10732483608999,112.09099999999998,50.0,2.0,0.0,0.0,0.0,36.01899999999999,1.0,8.809999999999999,0.0,1.0,1.0,1.0,0.5714285714285714
28,CN1C=C[N+](CCCC)=C1(C),153.13862496408998,136.11299999999997,62.0,2.0,0.0,0.0,0.0,45.25300000000002,3.0,8.809999999999999,0.0,1.0,1.0,1.0,0.6666666666666666
29,CN1C=C[N+](CCCCCC)=C1(C),181.16992509208998,160.13499999999996,74.0,2.0,0.0,0.0,0.0,54.487000000000045,5.0,8.809999999999999,0.0,1.0,1.0,1.0,0.7272727272727273
30,CN1C(C)=C(C)[N+](C)=C1(C),139.12297490009,124.10199999999998,56.0,2.0,0.0,0.0,0.0,40.800000000000004,0.0,8.809999999999999,0.0,1.0,1.0,1.0,0.625
31,CN1C(C)=C(C)[N+](C)=C1(C1=CC=CC=C1),201.13862496408998,184.15699999999995,78.0,2.0,0.0,0.0,0.0,61.49900000000004,1.0,8.809999999999999,0.0,1.0,2.0,2.0,0.3076923076923077
32,CN1C2=CC=CC=C2[N+](=C1(C))C,161.10732483609,148.12399999999997,62.0,2.0,0.0,0.0,0.0,48.83200000000003,0.0,8.809999999999999,0.0,1.0,2.0,2.0,0.3
33,CN1C2=CC=CC=C2[N+](=C1C3=CC=CC=C3)C,223.12297490009,208.17899999999995,84.0,2.0,0.0,0.0,0.0,69.53100000000003,1.0,8.809999999999999,0.0,1.0,3.0,3.0,0.13333333333333333
34,CN1C(C2=CC=CC=C2)=C(C3=CC=CC=C3)[N+](C)=C1(C),263.15427502809,244.21199999999993,100.0,2.0,0.0,0.0,0.0,82.19800000000005,2.0,8.809999999999999,0.0,1.0,3.0,3.0,0.16666666666666666
35,CN1C(C2=CC=CC=C2)=C(C3=CC=CC=C3)[N+](C)=C1(C4=CC=CC=C4),325.16992509209,304.26700000000005,122.0,2.0,0.0,0.0,0.0,102.89700000000002,3.0,8.809999999999999,0.0,1.0,4.0,4.0,0.08695652173913043
36,[S+](CC)(CC)(CC),119.08889790008999,104.13299999999998,44.0,0.0,0.0,0.0,0.0,38.98800000000001,3.0,0.0,0.0,0.0,0.0,0.0,1.0
37,[S+](C1=CC=CC=C1)(C2=CC=CC=C2)(C3=CC=CC=C3),263.08889790009,248.26499999999993,92.0,0.0,0.0,0.0,0.0,81.48900000000005,3.0,0.0,0.0,0.0,3.0,3.0,0.0
38,[P+](C)(C1=CC=CC=C1)(C2=CC=CC=C2)(C3=CC=CC=C3),277.11406362609,259.18299999999994,98.0,0.0,0.0,0.0,0.0,91.07200000000005,3.0,0.0,0.0,0.0,3.0,3.0,0.05263157894736842
39,[P](N(C)(C))(N(C)(C))(N(C)(C))([NH+](C)(C)),208.18113485008996,183.09,81.0,3.0,1.0,0.0,1.0,60.79170000000005,4.0,14.16,1.0,3.0,0.0,0.0,1.0
